atomname,res_no,res_name,atom_id,bfactor_6CAX
0SER_N,0,SER,N,30.459999084472656
0SER_CA,0,SER,CA,21.479999542236328
0SER_C,0,SER,C,13.729999542236328
0SER_O,0,SER,O,13.989999771118164
0SER_CB,0,SER,CB,33.63999938964844
0SER_OG,0,SER,OG,42.11000061035156
1MET_N,1,MET,N,13.039999961853027
1MET_CA,1,MET,CA,11.220000267028809
1MET_C,1,MET,C,12.710000038146973
1MET_O,1,MET,O,11.779999732971191
1MET_CB,1,MET,CB,13.930000305175781
1MET_CG,1,MET,CG,14.90999984741211
1MET_SD,1,MET,SD,18.030000686645508
1MET_CE,1,MET,CE,16.489999771118164
2ILE_N,2,ILE,N,11.109999656677246
2ILE_CA,2,ILE,CA,9.59000015258789
2ILE_C,2,ILE,C,8.34000015258789
2ILE_O,2,ILE,O,8.550000190734863
2ILE_CB,2,ILE,CB,9.420000076293945
2ILE_CG1,2,ILE,CG1,10.880000114440918
2ILE_CG2,2,ILE,CG2,9.34000015258789
2ILE_CD1,2,ILE,CD1,12.800000190734863
3LYS_N,3,LYS,N,7.889999866485596
3LYS_CA,3,LYS,CA,9.539999961853027
3LYS_C,3,LYS,C,8.40999984741211
3LYS_O,3,LYS,O,7.409999847412109
3LYS_CB,3,LYS,CB,9.90999984741211
3LYS_CG,3,LYS,CG,13.75
3LYS_CD,3,LYS,CD,13.0
3LYS_CE,3,LYS,CE,17.459999084472656
3LYS_NZ,3,LYS,NZ,19.780000686645508
4GLN_N,4,GLN,N,7.230000019073486
4GLN_CA,4,GLN,CA,6.559999942779541
4GLN_C,4,GLN,C,6.849999904632568
4GLN_O,4,GLN,O,8.369999885559082
4GLN_CB,4,GLN,CB,7.050000190734863
4GLN_CG,4,GLN,CG,8.210000038146973
4GLN_CD,4,GLN,CD,7.710000038146973
4GLN_NE2,4,GLN,NE2,7.550000190734863
4GLN_OE1,4,GLN,OE1,8.0600004196167
5ARG_N,5,ARG,N,6.599999904632568
5ARG_CA,5,ARG,CA,6.579999923706055
5ARG_C,5,ARG,C,5.989999771118164
5ARG_O,5,ARG,O,6.159999847412109
5ARG_CB,5,ARG,CB,7.099999904632568
5ARG_CG,5,ARG,CG,9.90999984741211
5ARG_CD,5,ARG,CD,11.720000267028809
5ARG_NE,5,ARG,NE,12.539999961853027
5ARG_CZ,5,ARG,CZ,14.279999732971191
5ARG_NH1,5,ARG,NH1,22.190000534057617
5ARG_NH2,5,ARG,NH2,16.270000457763672
6THR_N,6,THR,N,6.880000114440918
6THR_CA,6,THR,CA,6.659999847412109
6THR_C,6,THR,C,6.630000114440918
6THR_O,6,THR,O,7.559999942779541
6THR_CB,6,THR,CB,8.029999732971191
6THR_CG2,6,THR,CG2,9.15999984741211
6THR_OG1,6,THR,OG1,8.3100004196167
7LEU_N,7,LEU,N,7.079999923706055
7LEU_CA,7,LEU,CA,8.220000267028809
7LEU_C,7,LEU,C,8.0
7LEU_O,7,LEU,O,8.970000267028809
7LEU_CB,7,LEU,CB,6.940000057220459
7LEU_CG,7,LEU,CG,8.899999618530273
7LEU_CD1,7,LEU,CD1,16.75
7LEU_CD2,7,LEU,CD2,11.279999732971191
8LYS_N,8,LYS,N,7.929999828338623
8LYS_CA,8,LYS,CA,8.65999984741211
8LYS_C,8,LYS,C,10.25
8LYS_O,8,LYS,O,11.199999809265137
8LYS_CB,8,LYS,CB,9.800000190734863
8LYS_CG,8,LYS,CG,11.920000076293945
8LYS_CD,8,LYS,CD,15.65999984741211
8LYS_CE,8,LYS,CE,15.510000228881836
8LYS_NZ,8,LYS,NZ,18.18000030517578
9ASN_N,9,ASN,N,9.09000015258789
9ASN_CA,9,ASN,CA,9.460000038146973
9ASN_C,9,ASN,C,8.869999885559082
9ASN_O,9,ASN,O,9.5
9ASN_CB,9,ASN,CB,12.289999961853027
9ASN_CG,9,ASN,CG,18.110000610351562
9ASN_ND2,9,ASN,ND2,14.09000015258789
9ASN_OD1,9,ASN,OD1,20.239999771118164
10ILE_N,10,ILE,N,10.359999656677246
10ILE_CA,10,ILE,CA,9.180000305175781
10ILE_C,10,ILE,C,7.909999847412109
10ILE_O,10,ILE,O,11.460000038146973
10ILE_CB,10,ILE,CB,9.470000267028809
10ILE_CG1,10,ILE,CG1,13.449999809265137
10ILE_CG2,10,ILE,CG2,13.0
10ILE_CD1,10,ILE,CD1,16.90999984741211
11ILE_N,11,ILE,N,8.949999809265137
11ILE_CA,11,ILE,CA,11.789999961853027
11ILE_C,11,ILE,C,8.329999923706055
11ILE_O,11,ILE,O,9.430000305175781
11ILE_CB,11,ILE,CB,14.329999923706055
11ILE_CG1,11,ILE,CG1,22.260000228881836
11ILE_CG2,11,ILE,CG2,20.030000686645508
11ILE_CD1,11,ILE,CD1,21.139999389648438
12ARG_N,12,ARG,N,11.329999923706055
12ARG_CA,12,ARG,CA,12.029999732971191
12ARG_C,12,ARG,C,14.149999618530273
12ARG_O,12,ARG,O,17.43000030517578
12ARG_CB,12,ARG,CB,18.18000030517578
12ARG_CG,12,ARG,CG,16.799999237060547
12ARG_CD,12,ARG,CD,26.309999465942383
12ARG_NE,12,ARG,NE,31.829999923706055
12ARG_CZ,12,ARG,CZ,35.38999938964844
12ARG_NH1,12,ARG,NH1,31.190000534057617
12ARG_NH2,12,ARG,NH2,38.68000030517578
13ALA_N,13,ALA,N,11.90999984741211
13ALA_CA,13,ALA,CA,15.029999732971191
13ALA_C,13,ALA,C,10.5600004196167
13ALA_O,13,ALA,O,10.880000114440918
13ALA_CB,13,ALA,CB,15.140000343322754
14THR_N,14,THR,N,10.890000343322754
14THR_CA,14,THR,CA,10.199999809265137
14THR_C,14,THR,C,10.6899995803833
14THR_O,14,THR,O,12.140000343322754
14THR_CB,14,THR,CB,15.9399995803833
14THR_CG2,14,THR,CG2,12.09000015258789
14THR_OG1,14,THR,OG1,19.440000534057617
15GLY_N,15,GLY,N,8.600000381469727
15GLY_CA,15,GLY,CA,7.630000114440918
15GLY_C,15,GLY,C,6.710000038146973
15GLY_O,15,GLY,O,8.069999694824219
16VAL_N,16,VAL,N,7.460000038146973
16VAL_CA,16,VAL,CA,7.590000152587891
16VAL_C,16,VAL,C,6.320000171661377
16VAL_O,16,VAL,O,7.019999980926514
16VAL_CB,16,VAL,CB,11.140000343322754
16VAL_CG1,16,VAL,CG1,11.960000038146973
16VAL_CG2,16,VAL,CG2,12.399999618530273
17GLY_N,17,GLY,N,6.760000228881836
17GLY_CA,17,GLY,CA,7.440000057220459
17GLY_C,17,GLY,C,7.260000228881836
17GLY_O,17,GLY,O,6.820000171661377
18LEU_N,18,LEU,N,7.389999866485596
18LEU_CA,18,LEU,CA,6.699999809265137
18LEU_C,18,LEU,C,6.630000114440918
18LEU_O,18,LEU,O,7.670000076293945
18LEU_CB,18,LEU,CB,7.019999980926514
18LEU_CG,18,LEU,CG,7.630000114440918
18LEU_CD1,18,LEU,CD1,9.369999885559082
18LEU_CD2,18,LEU,CD2,10.3100004196167
19HIS_N,19,HIS,N,5.889999866485596
19HIS_CA,19,HIS,CA,6.809999942779541
19HIS_C,19,HIS,C,7.25
19HIS_O,19,HIS,O,8.239999771118164
19HIS_CB,19,HIS,CB,8.329999923706055
19HIS_CG,19,HIS,CG,8.59000015258789
19HIS_CD2,19,HIS,CD2,9.930000305175781
19HIS_ND1,19,HIS,ND1,8.1899995803833
19HIS_CE1,19,HIS,CE1,9.350000381469727
19HIS_NE2,19,HIS,NE2,11.489999771118164
20SER_N,20,SER,N,6.989999771118164
20SER_CA,20,SER,CA,7.800000190734863
20SER_C,20,SER,C,8.5
20SER_O,20,SER,O,7.929999828338623
20SER_CB,20,SER,CB,8.399999618530273
20SER_OG,20,SER,OG,7.96999979019165
21GLY_N,21,GLY,N,7.230000019073486
21GLY_CA,21,GLY,CA,7.400000095367432
21GLY_C,21,GLY,C,8.680000305175781
21GLY_O,21,GLY,O,10.3100004196167
22GLU_N,22,GLU,N,6.739999771118164
22GLU_CA,22,GLU,CA,7.010000228881836
22GLU_C,22,GLU,C,9.050000190734863
22GLU_O,22,GLU,O,8.4399995803833
22GLU_CB,22,GLU,CB,9.479999542236328
22GLU_CG,22,GLU,CG,14.869999885559082
22GLU_CD,22,GLU,CD,27.639999389648438
22GLU_OE1,22,GLU,OE1,31.729999542236328
22GLU_OE2,22,GLU,OE2,16.079999923706055
23LYS_N,23,LYS,N,8.260000228881836
23LYS_CA,23,LYS,CA,7.300000190734863
23LYS_C,23,LYS,C,7.590000152587891
23LYS_O,23,LYS,O,9.859999656677246
23LYS_CB,23,LYS,CB,10.5
23LYS_CG,23,LYS,CG,14.800000190734863
23LYS_CD,23,LYS,CD,22.540000915527344
23LYS_CE,23,LYS,CE,31.31999969482422
23LYS_NZ,23,LYS,NZ,33.2599983215332
24VAL_N,24,VAL,N,6.619999885559082
24VAL_CA,24,VAL,CA,6.050000190734863
24VAL_C,24,VAL,C,7.199999809265137
24VAL_O,24,VAL,O,7.940000057220459
24VAL_CB,24,VAL,CB,7.519999980926514
24VAL_CG1,24,VAL,CG1,9.15999984741211
24VAL_CG2,24,VAL,CG2,8.569999694824219
25TYR_N,25,TYR,N,6.46999979019165
25TYR_CA,25,TYR,CA,7.070000171661377
25TYR_C,25,TYR,C,7.570000171661377
25TYR_O,25,TYR,O,8.319999694824219
25TYR_CB,25,TYR,CB,7.639999866485596
25TYR_CG,25,TYR,CG,9.489999771118164
25TYR_CD1,25,TYR,CD1,11.739999771118164
25TYR_CD2,25,TYR,CD2,11.220000267028809
25TYR_CE1,25,TYR,CE1,14.239999771118164
25TYR_CE2,25,TYR,CE2,13.020000457763672
25TYR_CZ,25,TYR,CZ,13.220000267028809
25TYR_OH,25,TYR,OH,16.479999542236328
26LEU_N,26,LEU,N,7.230000019073486
26LEU_CA,26,LEU,CA,7.119999885559082
26LEU_C,26,LEU,C,7.949999809265137
26LEU_O,26,LEU,O,9.75
26LEU_CB,26,LEU,CB,10.489999771118164
26LEU_CG,26,LEU,CG,19.010000228881836
26LEU_CD1,26,LEU,CD1,18.299999237060547
26LEU_CD2,26,LEU,CD2,16.610000610351562
27THR_N,27,THR,N,7.739999771118164
27THR_CA,27,THR,CA,7.110000133514404
27THR_C,27,THR,C,10.890000343322754
27THR_O,27,THR,O,11.25
27THR_CB,27,THR,CB,10.119999885559082
27THR_CG2,27,THR,CG2,13.539999961853027
27THR_OG1,27,THR,OG1,12.989999771118164
28LEU_N,28,LEU,N,8.470000267028809
28LEU_CA,28,LEU,CA,8.420000076293945
28LEU_C,28,LEU,C,6.900000095367432
28LEU_O,28,LEU,O,8.720000267028809
28LEU_CB,28,LEU,CB,13.029999732971191
28LEU_CG,28,LEU,CG,21.0
28LEU_CD1,28,LEU,CD1,26.649999618530273
28LEU_CD2,28,LEU,CD2,21.959999084472656
29LYS_N,29,LYS,N,6.869999885559082
29LYS_CA,29,LYS,CA,7.03000020980835
29LYS_C,29,LYS,C,7.380000114440918
29LYS_O,29,LYS,O,7.570000171661377
29LYS_CB,29,LYS,CB,8.25
29LYS_CG,29,LYS,CG,10.899999618530273
29LYS_CD,29,LYS,CD,13.329999923706055
29LYS_CE,29,LYS,CE,14.130000114440918
29LYS_NZ,29,LYS,NZ,20.860000610351562
30PRO_N,30,PRO,N,7.809999942779541
30PRO_CA,30,PRO,CA,7.929999828338623
30PRO_C,30,PRO,C,9.0600004196167
30PRO_O,30,PRO,O,10.119999885559082
30PRO_CB,30,PRO,CB,8.739999771118164
30PRO_CG,30,PRO,CG,14.270000457763672
30PRO_CD,30,PRO,CD,9.279999732971191
31ALA_N,31,ALA,N,9.0
31ALA_CA,31,ALA,CA,8.619999885559082
31ALA_C,31,ALA,C,9.180000305175781
31ALA_O,31,ALA,O,8.90999984741211
31ALA_CB,31,ALA,CB,9.470000267028809
32PRO_N,32,PRO,N,9.59000015258789
32PRO_CA,32,PRO,CA,9.649999618530273
32PRO_C,32,PRO,C,10.220000267028809
32PRO_O,32,PRO,O,9.109999656677246
32PRO_CB,32,PRO,CB,12.819999694824219
32PRO_CG,32,PRO,CG,13.859999656677246
32PRO_CD,32,PRO,CD,11.470000267028809
33VAL_N,33,VAL,N,9.949999809265137
33VAL_CA,33,VAL,CA,9.479999542236328
33VAL_C,33,VAL,C,9.3100004196167
33VAL_O,33,VAL,O,11.300000190734863
33VAL_CB,33,VAL,CB,10.859999656677246
33VAL_CG1,33,VAL,CG1,13.479999542236328
33VAL_CG2,33,VAL,CG2,11.640000343322754
34ASP_N,34,ASP,N,9.399999618530273
34ASP_CA,34,ASP,CA,9.390000343322754
34ASP_C,34,ASP,C,12.130000114440918
34ASP_O,34,ASP,O,15.619999885559082
34ASP_CB,34,ASP,CB,12.680000305175781
34ASP_CG,34,ASP,CG,16.65999984741211
34ASP_OD1,34,ASP,OD1,14.600000381469727
34ASP_OD2,34,ASP,OD2,21.93000030517578
35THR_N,35,THR,N,8.8100004196167
35THR_CA,35,THR,CA,11.930000305175781
35THR_C,35,THR,C,11.300000190734863
35THR_O,35,THR,O,11.680000305175781
35THR_CB,35,THR,CB,10.5
35THR_CG2,35,THR,CG2,12.0600004196167
35THR_OG1,35,THR,OG1,13.930000305175781
36GLY_N,36,GLY,N,8.729999542236328
36GLY_CA,36,GLY,CA,8.3100004196167
36GLY_C,36,GLY,C,8.84000015258789
36GLY_O,36,GLY,O,8.699999809265137
37ILE_N,37,ILE,N,8.25
37ILE_CA,37,ILE,CA,7.579999923706055
37ILE_C,37,ILE,C,7.460000038146973
37ILE_O,37,ILE,O,9.220000267028809
37ILE_CB,37,ILE,CB,7.920000076293945
37ILE_CG1,37,ILE,CG1,9.960000038146973
37ILE_CG2,37,ILE,CG2,8.430000305175781
37ILE_CD1,37,ILE,CD1,13.15999984741211
38VAL_N,38,VAL,N,6.940000057220459
38VAL_CA,38,VAL,CA,8.020000457763672
38VAL_C,38,VAL,C,7.690000057220459
38VAL_O,38,VAL,O,9.079999923706055
38VAL_CB,38,VAL,CB,8.800000190734863
38VAL_CG1,38,VAL,CG1,10.430000305175781
38VAL_CG2,38,VAL,CG2,10.640000343322754
39PHE_N,39,PHE,N,6.340000152587891
39PHE_CA,39,PHE,CA,6.489999771118164
39PHE_C,39,PHE,C,9.109999656677246
39PHE_O,39,PHE,O,11.680000305175781
39PHE_CB,39,PHE,CB,8.130000114440918
39PHE_CG,39,PHE,CG,8.350000381469727
39PHE_CD1,39,PHE,CD1,9.529999732971191
39PHE_CD2,39,PHE,CD2,9.520000457763672
39PHE_CE1,39,PHE,CE1,10.770000457763672
39PHE_CE2,39,PHE,CE2,9.220000267028809
39PHE_CZ,39,PHE,CZ,9.510000228881836
40CYS_N,40,CYS,N,7.409999847412109
40CYS_CA,40,CYS,CA,8.649999618530273
40CYS_C,40,CYS,C,7.78000020980835
40CYS_O,40,CYS,O,8.649999618530273
40CYS_CB,40,CYS,CB,10.520000457763672
40CYS_SG,40,CYS,SG,21.59000015258789
41ARG_N,41,ARG,N,6.519999980926514
41ARG_CA,41,ARG,CA,6.369999885559082
41ARG_C,41,ARG,C,8.140000343322754
41ARG_O,41,ARG,O,8.489999771118164
41ARG_CB,41,ARG,CB,8.149999618530273
41ARG_CG,41,ARG,CG,8.399999618530273
41ARG_CD,41,ARG,CD,8.420000076293945
41ARG_NE,41,ARG,NE,8.8100004196167
41ARG_CZ,41,ARG,CZ,9.40999984741211
41ARG_NH1,41,ARG,NH1,9.829999923706055
41ARG_NH2,41,ARG,NH2,10.430000305175781
42THR_N,42,THR,N,7.860000133514404
42THR_CA,42,THR,CA,8.399999618530273
42THR_C,42,THR,C,9.40999984741211
42THR_O,42,THR,O,10.930000305175781
42THR_CB,42,THR,CB,10.119999885559082
42THR_CG2,42,THR,CG2,11.569999694824219
42THR_OG1,42,THR,OG1,11.399999618530273
43ASP_N,43,ASP,N,7.75
43ASP_CA,43,ASP,CA,9.770000457763672
43ASP_C,43,ASP,C,11.1899995803833
43ASP_O,43,ASP,O,12.539999961853027
43ASP_CB,43,ASP,CB,11.220000267028809
43ASP_CG,43,ASP,CG,10.710000038146973
43ASP_OD1,43,ASP,OD1,10.109999656677246
43ASP_OD2,43,ASP,OD2,14.600000381469727
44LEU_N,44,LEU,N,9.3100004196167
44LEU_CA,44,LEU,CA,9.220000267028809
44LEU_C,44,LEU,C,9.09000015258789
44LEU_O,44,LEU,O,10.050000190734863
44LEU_CB,44,LEU,CB,8.720000267028809
44LEU_CG,44,LEU,CG,9.800000190734863
44LEU_CD1,44,LEU,CD1,10.5600004196167
44LEU_CD2,44,LEU,CD2,16.520000457763672
45ASP_N,45,ASP,N,9.720000267028809
45ASP_CA,45,ASP,CA,10.760000228881836
45ASP_C,45,ASP,C,10.1899995803833
45ASP_O,45,ASP,O,11.930000305175781
45ASP_CB,45,ASP,CB,27.5
45ASP_CG,45,ASP,CG,35.779998779296875
45ASP_OD1,45,ASP,OD1,32.189998626708984
45ASP_OD2,45,ASP,OD2,35.90999984741211
46PRO_N,46,PRO,N,9.789999961853027
46PRO_CA,46,PRO,CA,9.930000305175781
46PRO_C,46,PRO,C,9.529999732971191
46PRO_O,46,PRO,O,10.829999923706055
46PRO_CB,46,PRO,CB,10.489999771118164
46PRO_CG,46,PRO,CG,12.40999984741211
46PRO_CD,46,PRO,CD,10.369999885559082
47VAL_N,47,VAL,N,8.960000038146973
47VAL_CA,47,VAL,CA,9.0
47VAL_C,47,VAL,C,9.020000457763672
47VAL_O,47,VAL,O,11.510000228881836
47VAL_CB,47,VAL,CB,12.829999923706055
47VAL_CG1,47,VAL,CG1,17.43000030517578
47VAL_CG2,47,VAL,CG2,15.460000038146973
48VAL_N,48,VAL,N,10.270000457763672
48VAL_CA,48,VAL,CA,10.640000343322754
48VAL_C,48,VAL,C,8.800000190734863
48VAL_O,48,VAL,O,9.40999984741211
48VAL_CB,48,VAL,CB,9.430000305175781
48VAL_CG1,48,VAL,CG1,10.319999694824219
48VAL_CG2,48,VAL,CG2,10.979999542236328
49GLU_N,49,GLU,N,8.210000038146973
49GLU_CA,49,GLU,CA,8.609999656677246
49GLU_C,49,GLU,C,8.279999732971191
49GLU_O,49,GLU,O,9.850000381469727
49GLU_CB,49,GLU,CB,13.239999771118164
49GLU_CG,49,GLU,CG,19.100000381469727
49GLU_CD,49,GLU,CD,31.219999313354492
49GLU_OE1,49,GLU,OE1,37.90999984741211
49GLU_OE2,49,GLU,OE2,32.880001068115234
50ILE_N,50,ILE,N,8.399999618530273
50ILE_CA,50,ILE,CA,6.960000038146973
50ILE_C,50,ILE,C,6.690000057220459
50ILE_O,50,ILE,O,7.449999809265137
50ILE_CB,50,ILE,CB,7.559999942779541
50ILE_CG1,50,ILE,CG1,8.680000305175781
50ILE_CG2,50,ILE,CG2,9.529999732971191
50ILE_CD1,50,ILE,CD1,11.220000267028809
51PRO_N,51,PRO,N,7.489999771118164
51PRO_CA,51,PRO,CA,7.179999828338623
51PRO_C,51,PRO,C,6.0
51PRO_O,51,PRO,O,7.170000076293945
51PRO_CB,51,PRO,CB,8.210000038146973
51PRO_CG,51,PRO,CG,9.720000267028809
51PRO_CD,51,PRO,CD,8.5600004196167
52ALA_N,52,ALA,N,5.849999904632568
52ALA_CA,52,ALA,CA,6.380000114440918
52ALA_C,52,ALA,C,7.21999979019165
52ALA_O,52,ALA,O,9.119999885559082
52ALA_CB,52,ALA,CB,8.619999885559082
53ARG_N,53,ARG,N,6.519999980926514
53ARG_CA,53,ARG,CA,9.479999542236328
53ARG_C,53,ARG,C,6.480000019073486
53ARG_O,53,ARG,O,7.610000133514404
53ARG_CB,53,ARG,CB,9.550000190734863
53ARG_CG,53,ARG,CG,9.920000076293945
53ARG_CD,53,ARG,CD,13.569999694824219
53ARG_NE,53,ARG,NE,16.399999618530273
53ARG_CZ,53,ARG,CZ,20.18000030517578
53ARG_NH1,53,ARG,NH1,16.190000534057617
53ARG_NH2,53,ARG,NH2,23.670000076293945
54ALA_N,54,ALA,N,7.099999904632568
54ALA_CA,54,ALA,CA,8.09000015258789
54ALA_C,54,ALA,C,9.920000076293945
54ALA_O,54,ALA,O,11.319999694824219
54ALA_CB,54,ALA,CB,8.350000381469727
55GLU_N,55,GLU,N,7.989999771118164
55GLU_CA,55,GLU,CA,8.609999656677246
55GLU_C,55,GLU,C,9.680000305175781
55GLU_O,55,GLU,O,10.619999885559082
55GLU_CB,55,GLU,CB,10.609999656677246
55GLU_CG,55,GLU,CG,14.550000190734863
55GLU_CD,55,GLU,CD,24.469999313354492
55GLU_OE1,55,GLU,OE1,32.279998779296875
55GLU_OE2,55,GLU,OE2,27.020000457763672
56ASN_N,56,ASN,N,8.779999732971191
56ASN_CA,56,ASN,CA,8.100000381469727
56ASN_C,56,ASN,C,9.050000190734863
56ASN_O,56,ASN,O,9.319999694824219
56ASN_CB,56,ASN,CB,9.350000381469727
56ASN_CG,56,ASN,CG,9.270000457763672
56ASN_ND2,56,ASN,ND2,8.850000381469727
56ASN_OD1,56,ASN,OD1,9.800000190734863
57VAL_N,57,VAL,N,8.789999961853027
57VAL_CA,57,VAL,CA,9.710000038146973
57VAL_C,57,VAL,C,12.050000190734863
57VAL_O,57,VAL,O,13.670000076293945
57VAL_CB,57,VAL,CB,10.880000114440918
57VAL_CG1,57,VAL,CG1,12.729999542236328
57VAL_CG2,57,VAL,CG2,8.880000114440918
58GLY_N,58,GLY,N,10.210000038146973
58GLY_CA,58,GLY,CA,13.979999542236328
58GLY_C,58,GLY,C,19.329999923706055
58GLY_O,58,GLY,O,15.270000457763672
59GLU_N,59,GLU,N,24.59000015258789
59GLU_CA,59,GLU,CA,24.649999618530273
59GLU_C,59,GLU,C,19.56999969482422
59GLU_O,59,GLU,O,19.549999237060547
59GLU_CB,59,GLU,CB,30.81999969482422
60THR_N,60,THR,N,16.860000610351562
60THR_CA,60,THR,CA,15.930000305175781
60THR_C,60,THR,C,25.059999465942383
60THR_O,60,THR,O,34.529998779296875
60THR_CB,60,THR,CB,13.270000457763672
60THR_CG2,60,THR,CG2,18.68000030517578
60THR_OG1,60,THR,OG1,21.600000381469727
61THR_N,61,THR,N,26.579999923706055
61THR_CA,61,THR,CA,27.5
61THR_C,61,THR,C,25.020000457763672
61THR_O,61,THR,O,31.350000381469727
61THR_CB,61,THR,CB,30.06999969482422
61THR_CG2,61,THR,CG2,29.399999618530273
61THR_OG1,61,THR,OG1,28.68000030517578
62MET_N,62,MET,N,18.389999389648438
62MET_CA,62,MET,CA,21.90999984741211
62MET_C,62,MET,C,15.979999542236328
62MET_O,62,MET,O,17.729999542236328
62MET_CB,62,MET,CB,27.260000228881836
62MET_CG,62,MET,CG,33.0099983215332
62MET_SD,62,MET,SD,42.70000076293945
62MET_CE,62,MET,CE,36.08000183105469
63SER_N,63,SER,N,13.649999618530273
63SER_CA,63,SER,CA,9.819999694824219
63SER_C,63,SER,C,8.880000114440918
63SER_O,63,SER,O,12.300000190734863
63SER_CB,63,SER,CB,15.449999809265137
63SER_OG,63,SER,OG,24.31999969482422
64THR_N,64,THR,N,7.679999828338623
64THR_CA,64,THR,CA,6.909999847412109
64THR_C,64,THR,C,7.909999847412109
64THR_O,64,THR,O,7.800000190734863
64THR_CB,64,THR,CB,7.409999847412109
64THR_CG2,64,THR,CG2,9.4399995803833
64THR_OG1,64,THR,OG1,8.5600004196167
65THR_N,65,THR,N,7.820000171661377
65THR_CA,65,THR,CA,9.600000381469727
65THR_C,65,THR,C,7.71999979019165
65THR_O,65,THR,O,12.539999961853027
65THR_CB,65,THR,CB,10.399999618530273
65THR_CG2,65,THR,CG2,13.260000228881836
65THR_OG1,65,THR,OG1,12.829999923706055
66LEU_N,66,LEU,N,7.420000076293945
66LEU_CA,66,LEU,CA,7.610000133514404
66LEU_C,66,LEU,C,8.020000457763672
66LEU_O,66,LEU,O,8.680000305175781
66LEU_CB,66,LEU,CB,8.210000038146973
66LEU_CG,66,LEU,CG,9.319999694824219
66LEU_CD1,66,LEU,CD1,11.289999961853027
66LEU_CD2,66,LEU,CD2,11.760000228881836
67VAL_N,67,VAL,N,8.569999694824219
67VAL_CA,67,VAL,CA,8.140000343322754
67VAL_C,67,VAL,C,8.729999542236328
67VAL_O,67,VAL,O,11.5600004196167
67VAL_CB,67,VAL,CB,8.699999809265137
67VAL_CG1,67,VAL,CG1,15.6899995803833
67VAL_CG2,67,VAL,CG2,11.90999984741211
68LYS_N,68,LYS,N,8.789999961853027
68LYS_CA,68,LYS,CA,9.670000076293945
68LYS_C,68,LYS,C,9.920000076293945
68LYS_O,68,LYS,O,12.119999885559082
68LYS_CB,68,LYS,CB,10.369999885559082
68LYS_CG,68,LYS,CG,12.369999885559082
68LYS_CD,68,LYS,CD,14.149999618530273
68LYS_CE,68,LYS,CE,18.270000457763672
68LYS_NZ,68,LYS,NZ,20.540000915527344
69GLY_N,69,GLY,N,11.779999732971191
69GLY_CA,69,GLY,CA,13.109999656677246
69GLY_C,69,GLY,C,12.380000114440918
69GLY_O,69,GLY,O,14.550000190734863
70ASP_N,70,ASP,N,13.010000228881836
70ASP_CA,70,ASP,CA,13.170000076293945
70ASP_C,70,ASP,C,15.300000190734863
70ASP_O,70,ASP,O,19.6299991607666
70ASP_CB,70,ASP,CB,16.639999389648438
70ASP_CG,70,ASP,CG,23.0
70ASP_OD1,70,ASP,OD1,25.0
70ASP_OD2,70,ASP,OD2,31.360000610351562
71VAL_N,71,VAL,N,10.149999618530273
71VAL_CA,71,VAL,CA,12.199999809265137
71VAL_C,71,VAL,C,9.890000343322754
71VAL_O,71,VAL,O,11.90999984741211
71VAL_CB,71,VAL,CB,15.220000267028809
71VAL_CG1,71,VAL,CG1,23.09000015258789
71VAL_CG2,71,VAL,CG2,23.729999542236328
72LYS_N,72,LYS,N,8.329999923706055
72LYS_CA,72,LYS,CA,7.78000020980835
72LYS_C,72,LYS,C,7.099999904632568
72LYS_O,72,LYS,O,8.550000190734863
72LYS_CB,72,LYS,CB,12.069999694824219
72LYS_CG,72,LYS,CG,15.119999885559082
72LYS_CD,72,LYS,CD,18.280000686645508
72LYS_CE,72,LYS,CE,20.639999389648438
72LYS_NZ,72,LYS,NZ,23.139999389648438
73VAL_N,73,VAL,N,7.650000095367432
73VAL_CA,73,VAL,CA,6.769999980926514
73VAL_C,73,VAL,C,7.059999942779541
73VAL_O,73,VAL,O,8.489999771118164
73VAL_CB,73,VAL,CB,9.670000076293945
73VAL_CG1,73,VAL,CG1,13.760000228881836
73VAL_CG2,73,VAL,CG2,12.220000267028809
74ASP_N,74,ASP,N,7.610000133514404
74ASP_CA,74,ASP,CA,8.819999694824219
74ASP_C,74,ASP,C,7.989999771118164
74ASP_O,74,ASP,O,7.699999809265137
74ASP_CB,74,ASP,CB,9.720000267028809
74ASP_CG,74,ASP,CG,24.219999313354492
74ASP_OD1,74,ASP,OD1,26.950000762939453
74ASP_OD2,74,ASP,OD2,29.760000228881836
75THR_N,75,THR,N,7.099999904632568
75THR_CA,75,THR,CA,7.409999847412109
75THR_C,75,THR,C,6.340000152587891
75THR_O,75,THR,O,7.449999809265137
75THR_CB,75,THR,CB,8.609999656677246
75THR_CG2,75,THR,CG2,9.170000076293945
75THR_OG1,75,THR,OG1,9.380000114440918
76VAL_N,76,VAL,N,6.46999979019165
76VAL_CA,76,VAL,CA,6.449999809265137
76VAL_C,76,VAL,C,6.389999866485596
76VAL_O,76,VAL,O,6.269999980926514
76VAL_CB,76,VAL,CB,7.099999904632568
76VAL_CG1,76,VAL,CG1,8.40999984741211
76VAL_CG2,76,VAL,CG2,8.25
77GLU_N,77,GLU,N,5.699999809265137
77GLU_CA,77,GLU,CA,5.949999809265137
77GLU_C,77,GLU,C,5.400000095367432
77GLU_O,77,GLU,O,5.610000133514404
77GLU_CB,77,GLU,CB,6.360000133514404
77GLU_CG,77,GLU,CG,7.639999866485596
77GLU_CD,77,GLU,CD,10.149999618530273
77GLU_OE1,77,GLU,OE1,8.359999656677246
77GLU_OE2,77,GLU,OE2,8.510000228881836
78HIS_N,78,HIS,N,5.349999904632568
78HIS_CA,78,HIS,CA,6.0
78HIS_C,78,HIS,C,5.769999980926514
78HIS_O,78,HIS,O,6.409999847412109
78HIS_CB,78,HIS,CB,6.559999942779541
78HIS_CG,78,HIS,CG,5.619999885559082
78HIS_CD2,78,HIS,CD2,6.28000020980835
78HIS_ND1,78,HIS,ND1,8.399999618530273
78HIS_CE1,78,HIS,CE1,7.21999979019165
78HIS_NE2,78,HIS,NE2,7.309999942779541
79LEU_N,79,LEU,N,5.380000114440918
79LEU_CA,79,LEU,CA,4.389999866485596
79LEU_C,79,LEU,C,4.53000020980835
79LEU_O,79,LEU,O,5.659999847412109
79LEU_CB,79,LEU,CB,7.099999904632568
79LEU_CG,79,LEU,CG,6.190000057220459
79LEU_CD1,79,LEU,CD1,7.090000152587891
79LEU_CD2,79,LEU,CD2,9.59000015258789
80LEU_N,80,LEU,N,4.820000171661377
80LEU_CA,80,LEU,CA,5.800000190734863
80LEU_C,80,LEU,C,5.059999942779541
80LEU_O,80,LEU,O,6.139999866485596
80LEU_CB,80,LEU,CB,5.96999979019165
80LEU_CG,80,LEU,CG,7.260000228881836
80LEU_CD1,80,LEU,CD1,8.529999732971191
80LEU_CD2,80,LEU,CD2,8.239999771118164
81SER_N,81,SER,N,5.179999828338623
81SER_CA,81,SER,CA,6.349999904632568
81SER_C,81,SER,C,5.909999847412109
81SER_O,81,SER,O,7.269999980926514
81SER_CB,81,SER,CB,6.260000228881836
81SER_OG,81,SER,OG,5.929999828338623
82ALA_N,82,ALA,N,6.789999961853027
82ALA_CA,82,ALA,CA,6.610000133514404
82ALA_C,82,ALA,C,7.170000076293945
82ALA_O,82,ALA,O,8.369999885559082
82ALA_CB,82,ALA,CB,7.710000038146973
83MET_N,83,MET,N,7.739999771118164
83MET_CA,83,MET,CA,7.639999866485596
83MET_C,83,MET,C,7.659999847412109
83MET_O,83,MET,O,8.760000228881836
83MET_CB,83,MET,CB,8.739999771118164
83MET_CG,83,MET,CG,9.140000343322754
83MET_SD,83,MET,SD,8.170000076293945
83MET_CE,83,MET,CE,8.760000228881836
84ALA_N,84,ALA,N,6.489999771118164
84ALA_CA,84,ALA,CA,9.140000343322754
84ALA_C,84,ALA,C,8.079999923706055
84ALA_O,84,ALA,O,9.279999732971191
84ALA_CB,84,ALA,CB,9.399999618530273
85GLY_N,85,GLY,N,7.289999961853027
85GLY_CA,85,GLY,CA,7.869999885559082
85GLY_C,85,GLY,C,7.380000114440918
85GLY_O,85,GLY,O,10.34000015258789
86LEU_N,86,LEU,N,6.699999809265137
86LEU_CA,86,LEU,CA,8.359999656677246
86LEU_C,86,LEU,C,8.710000038146973
86LEU_O,86,LEU,O,9.920000076293945
86LEU_CB,86,LEU,CB,7.400000095367432
86LEU_CG,86,LEU,CG,7.699999809265137
86LEU_CD1,86,LEU,CD1,9.479999542236328
86LEU_CD2,86,LEU,CD2,10.970000267028809
87GLY_N,87,GLY,N,8.399999618530273
87GLY_CA,87,GLY,CA,7.5
87GLY_C,87,GLY,C,9.630000114440918
87GLY_O,87,GLY,O,11.0600004196167
88ILE_N,88,ILE,N,7.460000038146973
88ILE_CA,88,ILE,CA,8.850000381469727
88ILE_C,88,ILE,C,7.449999809265137
88ILE_O,88,ILE,O,8.720000267028809
88ILE_CB,88,ILE,CB,10.369999885559082
88ILE_CG1,88,ILE,CG1,12.630000114440918
88ILE_CG2,88,ILE,CG2,13.420000076293945
88ILE_CD1,88,ILE,CD1,18.90999984741211
89ASP_N,89,ASP,N,6.369999885559082
89ASP_CA,89,ASP,CA,7.730000019073486
89ASP_C,89,ASP,C,7.860000133514404
89ASP_O,89,ASP,O,8.699999809265137
89ASP_CB,89,ASP,CB,7.869999885559082
89ASP_CG,89,ASP,CG,10.479999542236328
89ASP_OD1,89,ASP,OD1,13.180000305175781
89ASP_OD2,89,ASP,OD2,9.380000114440918
90ASN_N,90,ASN,N,7.78000020980835
90ASN_CA,90,ASN,CA,7.139999866485596
90ASN_C,90,ASN,C,7.320000171661377
90ASN_O,90,ASN,O,7.340000152587891
90ASN_CB,90,ASN,CB,7.570000171661377
90ASN_CG,90,ASN,CG,7.820000171661377
90ASN_ND2,90,ASN,ND2,8.140000343322754
90ASN_OD1,90,ASN,OD1,8.140000343322754
91ALA_N,91,ALA,N,7.059999942779541
91ALA_CA,91,ALA,CA,7.460000038146973
91ALA_C,91,ALA,C,8.680000305175781
91ALA_O,91,ALA,O,10.119999885559082
91ALA_CB,91,ALA,CB,8.510000228881836
92TYR_N,92,TYR,N,7.699999809265137
92TYR_CA,92,TYR,CA,9.829999923706055
92TYR_C,92,TYR,C,9.050000190734863
92TYR_O,92,TYR,O,11.260000228881836
92TYR_CB,92,TYR,CB,11.90999984741211
92TYR_CG,92,TYR,CG,17.049999237060547
92TYR_CD1,92,TYR,CD1,17.850000381469727
92TYR_CD2,92,TYR,CD2,14.010000228881836
92TYR_CE1,92,TYR,CE1,18.639999389648438
92TYR_CE2,92,TYR,CE2,15.479999542236328
92TYR_CZ,92,TYR,CZ,17.200000762939453
92TYR_OH,92,TYR,OH,24.520000457763672
93VAL_N,93,VAL,N,7.659999847412109
93VAL_CA,93,VAL,CA,8.5600004196167
93VAL_C,93,VAL,C,8.079999923706055
93VAL_O,93,VAL,O,8.699999809265137
93VAL_CB,93,VAL,CB,8.84000015258789
93VAL_CG1,93,VAL,CG1,11.869999885559082
93VAL_CG2,93,VAL,CG2,10.279999732971191
94GLU_N,94,GLU,N,7.260000228881836
94GLU_CA,94,GLU,CA,7.929999828338623
94GLU_C,94,GLU,C,6.210000038146973
94GLU_O,94,GLU,O,7.210000038146973
94GLU_CB,94,GLU,CB,8.84000015258789
94GLU_CG,94,GLU,CG,11.279999732971191
94GLU_CD,94,GLU,CD,12.100000381469727
94GLU_OE1,94,GLU,OE1,15.789999961853027
94GLU_OE2,94,GLU,OE2,16.479999542236328
95LEU_N,95,LEU,N,7.710000038146973
95LEU_CA,95,LEU,CA,7.199999809265137
95LEU_C,95,LEU,C,6.860000133514404
95LEU_O,95,LEU,O,7.760000228881836
95LEU_CB,95,LEU,CB,9.270000457763672
95LEU_CG,95,LEU,CG,11.5
95LEU_CD1,95,LEU,CD1,16.09000015258789
95LEU_CD2,95,LEU,CD2,12.670000076293945
96SER_N,96,SER,N,7.239999771118164
96SER_CA,96,SER,CA,7.139999866485596
96SER_C,96,SER,C,7.260000228881836
96SER_O,96,SER,O,8.680000305175781
96SER_CB,96,SER,CB,8.880000114440918
96SER_OG,96,SER,OG,7.639999866485596
97ALA_N,97,ALA,N,7.730000019073486
97ALA_CA,97,ALA,CA,7.53000020980835
97ALA_C,97,ALA,C,6.739999771118164
97ALA_O,97,ALA,O,8.109999656677246
97ALA_CB,97,ALA,CB,9.479999542236328
98SER_N,98,SER,N,7.599999904632568
98SER_CA,98,SER,CA,8.420000076293945
98SER_C,98,SER,C,11.359999656677246
98SER_O,98,SER,O,16.43000030517578
98SER_CB,98,SER,CB,14.260000228881836
98SER_OG,98,SER,OG,20.329999923706055
99GLU_N,99,GLU,N,7.940000057220459
99GLU_CA,99,GLU,CA,6.869999885559082
99GLU_C,99,GLU,C,7.75
99GLU_O,99,GLU,O,8.4399995803833
99GLU_CB,99,GLU,CB,8.039999961853027
99GLU_CG,99,GLU,CG,7.449999809265137
99GLU_CD,99,GLU,CD,7.25
99GLU_OE1,99,GLU,OE1,9.600000381469727
99GLU_OE2,99,GLU,OE2,8.079999923706055
100VAL_N,100,VAL,N,5.929999828338623
100VAL_CA,100,VAL,CA,6.579999923706055
100VAL_C,100,VAL,C,6.630000114440918
100VAL_O,100,VAL,O,6.630000114440918
100VAL_CB,100,VAL,CB,5.489999771118164
100VAL_CG1,100,VAL,CG1,7.480000019073486
100VAL_CG2,100,VAL,CG2,8.140000343322754
101PRO_N,101,PRO,N,6.079999923706055
101PRO_CA,101,PRO,CA,7.96999979019165
101PRO_C,101,PRO,C,5.659999847412109
101PRO_O,101,PRO,O,6.900000095367432
101PRO_CB,101,PRO,CB,6.650000095367432
101PRO_CG,101,PRO,CG,7.659999847412109
101PRO_CD,101,PRO,CD,6.440000057220459
102ILE_N,102,ILE,N,5.519999980926514
102ILE_CA,102,ILE,CA,6.230000019073486
102ILE_C,102,ILE,C,5.820000171661377
102ILE_O,102,ILE,O,5.880000114440918
102ILE_CB,102,ILE,CB,6.599999904632568
102ILE_CG1,102,ILE,CG1,6.96999979019165
102ILE_CG2,102,ILE,CG2,8.170000076293945
102ILE_CD1,102,ILE,CD1,7.650000095367432
103MET_N,103,MET,N,6.630000114440918
103MET_CA,103,MET,CA,6.260000228881836
103MET_C,103,MET,C,6.389999866485596
103MET_O,103,MET,O,7.760000228881836
103MET_CB,103,MET,CB,7.309999942779541
103MET_CG,103,MET,CG,6.989999771118164
103MET_SD,103,MET,SD,10.029999732971191
103MET_CE,103,MET,CE,12.199999809265137
104ASP_N,104,ASP,N,5.889999866485596
104ASP_CA,104,ASP,CA,6.369999885559082
104ASP_C,104,ASP,C,5.840000152587891
104ASP_O,104,ASP,O,7.909999847412109
104ASP_CB,104,ASP,CB,7.599999904632568
104ASP_CG,104,ASP,CG,6.75
104ASP_OD1,104,ASP,OD1,6.630000114440918
104ASP_OD2,104,ASP,OD2,8.720000267028809
105GLY_N,105,GLY,N,5.610000133514404
105GLY_CA,105,GLY,CA,7.289999961853027
105GLY_C,105,GLY,C,5.579999923706055
105GLY_O,105,GLY,O,6.119999885559082
106SER_N,106,SER,N,5.559999942779541
106SER_CA,106,SER,CA,5.329999923706055
106SER_C,106,SER,C,5.300000190734863
106SER_O,106,SER,O,7.590000152587891
106SER_CB,106,SER,CB,7.139999866485596
106SER_OG,106,SER,OG,5.989999771118164
107ALA_N,107,ALA,N,5.090000152587891
107ALA_CA,107,ALA,CA,5.590000152587891
107ALA_C,107,ALA,C,5.849999904632568
107ALA_O,107,ALA,O,7.0
107ALA_CB,107,ALA,CB,6.579999923706055
108GLY_N,108,GLY,N,5.989999771118164
108GLY_CA,108,GLY,CA,6.079999923706055
108GLY_C,108,GLY,C,5.21999979019165
108GLY_O,108,GLY,O,6.139999866485596
109PRO_N,109,PRO,N,5.849999904632568
109PRO_CA,109,PRO,CA,5.949999809265137
109PRO_C,109,PRO,C,5.510000228881836
109PRO_O,109,PRO,O,6.690000057220459
109PRO_CB,109,PRO,CB,8.850000381469727
109PRO_CG,109,PRO,CG,6.889999866485596
109PRO_CD,109,PRO,CD,7.510000228881836
110PHE_N,110,PHE,N,5.679999828338623
110PHE_CA,110,PHE,CA,5.559999942779541
110PHE_C,110,PHE,C,5.710000038146973
110PHE_O,110,PHE,O,6.760000228881836
110PHE_CB,110,PHE,CB,7.150000095367432
110PHE_CG,110,PHE,CG,6.949999809265137
110PHE_CD1,110,PHE,CD1,8.350000381469727
110PHE_CD2,110,PHE,CD2,8.550000190734863
110PHE_CE1,110,PHE,CE1,9.350000381469727
110PHE_CE2,110,PHE,CE2,11.699999809265137
110PHE_CZ,110,PHE,CZ,9.600000381469727
111VAL_N,111,VAL,N,5.619999885559082
111VAL_CA,111,VAL,CA,6.579999923706055
111VAL_C,111,VAL,C,6.630000114440918
111VAL_O,111,VAL,O,6.809999942779541
111VAL_CB,111,VAL,CB,5.820000171661377
111VAL_CG1,111,VAL,CG1,7.730000019073486
111VAL_CG2,111,VAL,CG2,7.28000020980835
112PHE_N,112,PHE,N,7.190000057220459
112PHE_CA,112,PHE,CA,7.150000095367432
112PHE_C,112,PHE,C,7.170000076293945
112PHE_O,112,PHE,O,7.349999904632568
112PHE_CB,112,PHE,CB,7.070000171661377
112PHE_CG,112,PHE,CG,6.699999809265137
112PHE_CD1,112,PHE,CD1,7.119999885559082
112PHE_CD2,112,PHE,CD2,8.84000015258789
112PHE_CE1,112,PHE,CE1,7.710000038146973
112PHE_CE2,112,PHE,CE2,9.989999771118164
112PHE_CZ,112,PHE,CZ,9.319999694824219
113LEU_N,113,LEU,N,7.699999809265137
113LEU_CA,113,LEU,CA,7.920000076293945
113LEU_C,113,LEU,C,9.289999961853027
113LEU_O,113,LEU,O,9.720000267028809
113LEU_CB,113,LEU,CB,9.829999923706055
113LEU_CG,113,LEU,CG,11.3100004196167
113LEU_CD1,113,LEU,CD1,13.010000228881836
113LEU_CD2,113,LEU,CD2,17.059999465942383
114ILE_N,114,ILE,N,7.369999885559082
114ILE_CA,114,ILE,CA,8.609999656677246
114ILE_C,114,ILE,C,9.380000114440918
114ILE_O,114,ILE,O,9.430000305175781
114ILE_CB,114,ILE,CB,7.559999942779541
114ILE_CG1,114,ILE,CG1,8.09000015258789
114ILE_CG2,114,ILE,CG2,10.010000228881836
114ILE_CD1,114,ILE,CD1,11.4399995803833
115GLN_N,115,GLN,N,7.809999942779541
115GLN_CA,115,GLN,CA,8.5
115GLN_C,115,GLN,C,9.09000015258789
115GLN_O,115,GLN,O,10.5600004196167
115GLN_CB,115,GLN,CB,6.760000228881836
115GLN_CG,115,GLN,CG,7.420000076293945
115GLN_CD,115,GLN,CD,9.850000381469727
115GLN_NE2,115,GLN,NE2,7.579999923706055
115GLN_OE1,115,GLN,OE1,13.0
116SER_N,116,SER,N,9.569999694824219
116SER_CA,116,SER,CA,9.350000381469727
116SER_C,116,SER,C,11.289999961853027
116SER_O,116,SER,O,15.460000038146973
116SER_CB,116,SER,CB,11.170000076293945
116SER_OG,116,SER,OG,13.109999656677246
117ALA_N,117,ALA,N,11.489999771118164
117ALA_CA,117,ALA,CA,12.279999732971191
117ALA_C,117,ALA,C,11.210000038146973
117ALA_O,117,ALA,O,13.529999732971191
117ALA_CB,117,ALA,CB,12.960000038146973
118GLY_N,118,GLY,N,10.390000343322754
118GLY_CA,118,GLY,CA,9.550000190734863
118GLY_C,118,GLY,C,7.900000095367432
118GLY_O,118,GLY,O,8.890000343322754
119LEU_N,119,LEU,N,8.699999809265137
119LEU_CA,119,LEU,CA,7.829999923706055
119LEU_C,119,LEU,C,7.420000076293945
119LEU_O,119,LEU,O,9.170000076293945
119LEU_CB,119,LEU,CB,6.730000019073486
119LEU_CG,119,LEU,CG,8.710000038146973
119LEU_CD1,119,LEU,CD1,13.59000015258789
119LEU_CD2,119,LEU,CD2,11.649999618530273
120GLN_N,120,GLN,N,6.340000152587891
120GLN_CA,120,GLN,CA,7.519999980926514
120GLN_C,120,GLN,C,7.659999847412109
120GLN_O,120,GLN,O,7.03000020980835
120GLN_CB,120,GLN,CB,8.350000381469727
120GLN_CG,120,GLN,CG,10.489999771118164
120GLN_CD,120,GLN,CD,9.40999984741211
120GLN_NE2,120,GLN,NE2,9.59000015258789
120GLN_OE1,120,GLN,OE1,13.670000076293945
121GLU_N,121,GLU,N,8.149999618530273
121GLU_CA,121,GLU,CA,7.96999979019165
121GLU_C,121,GLU,C,9.0600004196167
121GLU_O,121,GLU,O,9.850000381469727
121GLU_CB,121,GLU,CB,9.300000190734863
121GLU_CG,121,GLU,CG,11.239999771118164
121GLU_CD,121,GLU,CD,12.979999542236328
121GLU_OE1,121,GLU,OE1,11.649999618530273
121GLU_OE2,121,GLU,OE2,13.630000114440918
122GLN_N,122,GLN,N,7.739999771118164
122GLN_CA,122,GLN,CA,9.100000381469727
122GLN_C,122,GLN,C,10.600000381469727
122GLN_O,122,GLN,O,11.949999809265137
122GLN_CB,122,GLN,CB,8.789999961853027
122GLN_CG,122,GLN,CG,8.329999923706055
122GLN_CD,122,GLN,CD,9.5
122GLN_NE2,122,GLN,NE2,10.520000457763672
122GLN_OE1,122,GLN,OE1,9.180000305175781
123GLU_N,123,GLU,N,11.350000381469727
123GLU_CA,123,GLU,CA,12.109999656677246
123GLU_C,123,GLU,C,16.239999771118164
123GLU_O,123,GLU,O,18.579999923706055
123GLU_CB,123,GLU,CB,28.030000686645508
124ALA_N,124,ALA,N,12.470000267028809
124ALA_CA,124,ALA,CA,10.34000015258789
124ALA_C,124,ALA,C,8.399999618530273
124ALA_O,124,ALA,O,8.880000114440918
124ALA_CB,124,ALA,CB,13.930000305175781
125ALA_N,125,ALA,N,10.380000114440918
125ALA_CA,125,ALA,CA,8.579999923706055
125ALA_C,125,ALA,C,7.210000038146973
125ALA_O,125,ALA,O,8.260000228881836
125ALA_CB,125,ALA,CB,9.59000015258789
126LYS_N,126,LYS,N,6.409999847412109
126LYS_CA,126,LYS,CA,6.789999961853027
126LYS_C,126,LYS,C,7.260000228881836
126LYS_O,126,LYS,O,7.909999847412109
126LYS_CB,126,LYS,CB,7.650000095367432
126LYS_CG,126,LYS,CG,7.559999942779541
126LYS_CD,126,LYS,CD,10.399999618530273
126LYS_CE,126,LYS,CE,12.59000015258789
126LYS_NZ,126,LYS,NZ,14.039999961853027
127LYS_N,127,LYS,N,7.239999771118164
127LYS_CA,127,LYS,CA,7.28000020980835
127LYS_C,127,LYS,C,7.869999885559082
127LYS_O,127,LYS,O,9.800000190734863
127LYS_CB,127,LYS,CB,9.9399995803833
127LYS_CG,127,LYS,CG,10.859999656677246
127LYS_CD,127,LYS,CD,16.68000030517578
127LYS_CE,127,LYS,CE,26.610000610351562
127LYS_NZ,127,LYS,NZ,27.09000015258789
128PHE_N,128,PHE,N,7.150000095367432
128PHE_CA,128,PHE,CA,7.46999979019165
128PHE_C,128,PHE,C,8.260000228881836
128PHE_O,128,PHE,O,8.779999732971191
128PHE_CB,128,PHE,CB,7.579999923706055
128PHE_CG,128,PHE,CG,7.309999942779541
128PHE_CD1,128,PHE,CD1,8.199999809265137
128PHE_CD2,128,PHE,CD2,10.399999618530273
128PHE_CE1,128,PHE,CE1,8.119999885559082
128PHE_CE2,128,PHE,CE2,11.319999694824219
128PHE_CZ,128,PHE,CZ,9.539999961853027
129ILE_N,129,ILE,N,6.960000038146973
129ILE_CA,129,ILE,CA,6.909999847412109
129ILE_C,129,ILE,C,7.630000114440918
129ILE_O,129,ILE,O,8.65999984741211
129ILE_CB,129,ILE,CB,8.149999618530273
129ILE_CG1,129,ILE,CG1,12.0
129ILE_CG2,129,ILE,CG2,11.670000076293945
129ILE_CD1,129,ILE,CD1,15.529999732971191
130ARG_N,130,ARG,N,7.25
130ARG_CA,130,ARG,CA,8.039999961853027
130ARG_C,130,ARG,C,8.630000114440918
130ARG_O,130,ARG,O,8.420000076293945
130ARG_CB,130,ARG,CB,9.75
130ARG_CG,130,ARG,CG,8.510000228881836
130ARG_CD,130,ARG,CD,17.280000686645508
130ARG_NE,130,ARG,NE,19.219999313354492
130ARG_CZ,130,ARG,CZ,22.3799991607666
130ARG_NH1,130,ARG,NH1,24.93000030517578
130ARG_NH2,130,ARG,NH2,26.290000915527344
131ILE_N,131,ILE,N,6.070000171661377
131ILE_CA,131,ILE,CA,6.130000114440918
131ILE_C,131,ILE,C,6.980000019073486
131ILE_O,131,ILE,O,7.449999809265137
131ILE_CB,131,ILE,CB,6.179999828338623
131ILE_CG1,131,ILE,CG1,6.840000152587891
131ILE_CG2,131,ILE,CG2,7.739999771118164
131ILE_CD1,131,ILE,CD1,7.309999942779541
132LYS_N,132,LYS,N,8.449999809265137
132LYS_CA,132,LYS,CA,8.649999618530273
132LYS_C,132,LYS,C,9.15999984741211
132LYS_O,132,LYS,O,10.390000343322754
132LYS_CB,132,LYS,CB,9.699999809265137
132LYS_CG,132,LYS,CG,13.239999771118164
132LYS_CD,132,LYS,CD,16.15999984741211
132LYS_CE,132,LYS,CE,25.65999984741211
132LYS_NZ,132,LYS,NZ,28.040000915527344
133ARG_N,133,ARG,N,8.609999656677246
133ARG_CA,133,ARG,CA,9.779999732971191
133ARG_C,133,ARG,C,7.159999847412109
133ARG_O,133,ARG,O,8.619999885559082
133ARG_CB,133,ARG,CB,10.9399995803833
133ARG_CG,133,ARG,CG,16.239999771118164
133ARG_CD,133,ARG,CD,24.899999618530273
133ARG_NE,133,ARG,NE,36.540000915527344
133ARG_CZ,133,ARG,CZ,41.209999084472656
133ARG_NH1,133,ARG,NH1,41.619998931884766
133ARG_NH2,133,ARG,NH2,43.220001220703125
134GLU_N,134,GLU,N,7.28000020980835
134GLU_CA,134,GLU,CA,8.579999923706055
134GLU_C,134,GLU,C,7.380000114440918
134GLU_O,134,GLU,O,8.640000343322754
134GLU_CB,134,GLU,CB,8.729999542236328
134GLU_CG,134,GLU,CG,15.069999694824219
134GLU_CD,134,GLU,CD,24.34000015258789
134GLU_OE1,134,GLU,OE1,26.90999984741211
134GLU_OE2,134,GLU,OE2,32.630001068115234
135VAL_N,135,VAL,N,7.059999942779541
135VAL_CA,135,VAL,CA,7.0
135VAL_C,135,VAL,C,8.170000076293945
135VAL_O,135,VAL,O,7.940000057220459
135VAL_CB,135,VAL,CB,7.5
135VAL_CG1,135,VAL,CG1,10.0
135VAL_CG2,135,VAL,CG2,10.5
136SER_N,136,SER,N,7.0
136SER_CA,136,SER,CA,8.4399995803833
136SER_C,136,SER,C,8.130000114440918
136SER_O,136,SER,O,10.069999694824219
136SER_CB,136,SER,CB,12.539999961853027
136SER_OG,136,SER,OG,14.390000343322754
137VAL_N,137,VAL,N,7.400000095367432
137VAL_CA,137,VAL,CA,7.260000228881836
137VAL_C,137,VAL,C,7.159999847412109
137VAL_O,137,VAL,O,8.029999732971191
137VAL_CB,137,VAL,CB,7.409999847412109
137VAL_CG1,137,VAL,CG1,9.510000228881836
137VAL_CG2,137,VAL,CG2,7.75
138GLU_N,138,GLU,N,6.239999771118164
138GLU_CA,138,GLU,CA,6.929999828338623
138GLU_C,138,GLU,C,7.210000038146973
138GLU_O,138,GLU,O,8.010000228881836
138GLU_CB,138,GLU,CB,9.539999961853027
138GLU_CG,138,GLU,CG,10.930000305175781
138GLU_CD,138,GLU,CD,14.75
138GLU_OE1,138,GLU,OE1,15.869999885559082
138GLU_OE2,138,GLU,OE2,21.06999969482422
139GLU_N,139,GLU,N,7.53000020980835
139GLU_CA,139,GLU,CA,8.350000381469727
139GLU_C,139,GLU,C,8.890000343322754
139GLU_O,139,GLU,O,9.4399995803833
139GLU_CB,139,GLU,CB,8.90999984741211
139GLU_CG,139,GLU,CG,12.229999542236328
139GLU_CD,139,GLU,CD,13.90999984741211
139GLU_OE1,139,GLU,OE1,14.960000038146973
139GLU_OE2,139,GLU,OE2,18.40999984741211
140GLY_N,140,GLY,N,9.359999656677246
140GLY_CA,140,GLY,CA,9.970000267028809
140GLY_C,140,GLY,C,10.40999984741211
140GLY_O,140,GLY,O,13.470000267028809
141ASP_N,141,ASP,N,12.699999809265137
141ASP_CA,141,ASP,CA,16.290000915527344
141ASP_C,141,ASP,C,13.600000381469727
141ASP_O,141,ASP,O,20.799999237060547
141ASP_CB,141,ASP,CB,18.280000686645508
141ASP_CG,141,ASP,CG,30.1299991607666
141ASP_OD1,141,ASP,OD1,30.649999618530273
141ASP_OD2,141,ASP,OD2,35.779998779296875
142LYS_N,142,LYS,N,9.25
142LYS_CA,142,LYS,CA,8.239999771118164
142LYS_C,142,LYS,C,7.230000019073486
142LYS_O,142,LYS,O,9.140000343322754
142LYS_CB,142,LYS,CB,9.079999923706055
142LYS_CG,142,LYS,CG,13.390000343322754
142LYS_CD,142,LYS,CD,15.979999542236328
142LYS_CE,142,LYS,CE,17.139999389648438
142LYS_NZ,142,LYS,NZ,16.520000457763672
143ARG_N,143,ARG,N,6.809999942779541
143ARG_CA,143,ARG,CA,8.100000381469727
143ARG_C,143,ARG,C,6.440000057220459
143ARG_O,143,ARG,O,6.539999961853027
143ARG_CB,143,ARG,CB,9.289999961853027
143ARG_CG,143,ARG,CG,9.350000381469727
143ARG_CD,143,ARG,CD,14.930000305175781
143ARG_NE,143,ARG,NE,20.850000381469727
143ARG_CZ,143,ARG,CZ,23.850000381469727
143ARG_NH1,143,ARG,NH1,27.780000686645508
143ARG_NH2,143,ARG,NH2,22.93000030517578
144ALA_N,144,ALA,N,6.559999942779541
144ALA_CA,144,ALA,CA,6.480000019073486
144ALA_C,144,ALA,C,6.300000190734863
144ALA_O,144,ALA,O,7.03000020980835
144ALA_CB,144,ALA,CB,8.65999984741211
145VAL_N,145,VAL,N,6.25
145VAL_CA,145,VAL,CA,7.809999942779541
145VAL_C,145,VAL,C,5.079999923706055
145VAL_O,145,VAL,O,6.75
145VAL_CB,145,VAL,CB,9.699999809265137
145VAL_CG1,145,VAL,CG1,8.609999656677246
145VAL_CG2,145,VAL,CG2,12.210000038146973
146PHE_N,146,PHE,N,5.929999828338623
146PHE_CA,146,PHE,CA,5.989999771118164
146PHE_C,146,PHE,C,6.5
146PHE_O,146,PHE,O,6.849999904632568
146PHE_CB,146,PHE,CB,6.869999885559082
146PHE_CG,146,PHE,CG,7.369999885559082
146PHE_CD1,146,PHE,CD1,6.820000171661377
146PHE_CD2,146,PHE,CD2,7.409999847412109
146PHE_CE1,146,PHE,CE1,8.789999961853027
146PHE_CE2,146,PHE,CE2,7.909999847412109
146PHE_CZ,146,PHE,CZ,8.0
147VAL_N,147,VAL,N,5.53000020980835
147VAL_CA,147,VAL,CA,5.960000038146973
147VAL_C,147,VAL,C,7.619999885559082
147VAL_O,147,VAL,O,7.570000171661377
147VAL_CB,147,VAL,CB,9.0
147VAL_CG1,147,VAL,CG1,12.930000305175781
147VAL_CG2,147,VAL,CG2,9.579999923706055
148PRO_N,148,PRO,N,7.260000228881836
148PRO_CA,148,PRO,CA,6.460000038146973
148PRO_C,148,PRO,C,6.170000076293945
148PRO_O,148,PRO,O,7.340000152587891
148PRO_CB,148,PRO,CB,7.630000114440918
148PRO_CG,148,PRO,CG,10.630000114440918
148PRO_CD,148,PRO,CD,8.0600004196167
149PHE_N,149,PHE,N,6.360000133514404
149PHE_CA,149,PHE,CA,6.619999885559082
149PHE_C,149,PHE,C,5.739999771118164
149PHE_O,149,PHE,O,6.730000019073486
149PHE_CB,149,PHE,CB,7.139999866485596
149PHE_CG,149,PHE,CG,6.670000076293945
149PHE_CD1,149,PHE,CD1,7.619999885559082
149PHE_CD2,149,PHE,CD2,8.319999694824219
149PHE_CE1,149,PHE,CE1,10.479999542236328
149PHE_CE2,149,PHE,CE2,8.039999961853027
149PHE_CZ,149,PHE,CZ,11.510000228881836
150ASP_N,150,ASP,N,7.079999923706055
150ASP_CA,150,ASP,CA,8.039999961853027
150ASP_C,150,ASP,C,7.75
150ASP_O,150,ASP,O,9.489999771118164
150ASP_CB,150,ASP,CB,10.180000305175781
150ASP_CG,150,ASP,CG,13.970000267028809
150ASP_OD1,150,ASP,OD1,17.829999923706055
150ASP_OD2,150,ASP,OD2,18.489999771118164
151GLY_N,151,GLY,N,7.71999979019165
151GLY_CA,151,GLY,CA,7.929999828338623
151GLY_C,151,GLY,C,6.869999885559082
151GLY_O,151,GLY,O,6.389999866485596
152PHE_N,152,PHE,N,7.25
152PHE_CA,152,PHE,CA,6.789999961853027
152PHE_C,152,PHE,C,6.769999980926514
152PHE_O,152,PHE,O,7.630000114440918
152PHE_CB,152,PHE,CB,7.710000038146973
152PHE_CG,152,PHE,CG,9.520000457763672
152PHE_CD1,152,PHE,CD1,8.510000228881836
152PHE_CD2,152,PHE,CD2,12.710000038146973
152PHE_CE1,152,PHE,CE1,10.59000015258789
152PHE_CE2,152,PHE,CE2,14.34000015258789
152PHE_CZ,152,PHE,CZ,11.069999694824219
153LYS_N,153,LYS,N,6.050000190734863
153LYS_CA,153,LYS,CA,6.900000095367432
153LYS_C,153,LYS,C,5.53000020980835
153LYS_O,153,LYS,O,6.130000114440918
153LYS_CB,153,LYS,CB,7.0
153LYS_CG,153,LYS,CG,9.25
153LYS_CD,153,LYS,CD,12.239999771118164
153LYS_CE,153,LYS,CE,14.329999923706055
153LYS_NZ,153,LYS,NZ,16.790000915527344
154VAL_N,154,VAL,N,6.260000228881836
154VAL_CA,154,VAL,CA,5.760000228881836
154VAL_C,154,VAL,C,7.380000114440918
154VAL_O,154,VAL,O,8.199999809265137
154VAL_CB,154,VAL,CB,8.699999809265137
154VAL_CG1,154,VAL,CG1,8.25
154VAL_CG2,154,VAL,CG2,9.1899995803833
155SER_N,155,SER,N,7.559999942779541
155SER_CA,155,SER,CA,9.029999732971191
155SER_C,155,SER,C,8.619999885559082
155SER_O,155,SER,O,8.359999656677246
155SER_CB,155,SER,CB,12.300000190734863
155SER_OG,155,SER,OG,10.699999809265137
156PHE_N,156,PHE,N,7.239999771118164
156PHE_CA,156,PHE,CA,6.130000114440918
156PHE_C,156,PHE,C,6.599999904632568
156PHE_O,156,PHE,O,7.170000076293945
156PHE_CB,156,PHE,CB,7.340000152587891
156PHE_CG,156,PHE,CG,7.730000019073486
156PHE_CD1,156,PHE,CD1,9.479999542236328
156PHE_CD2,156,PHE,CD2,8.470000267028809
156PHE_CE1,156,PHE,CE1,10.890000343322754
156PHE_CE2,156,PHE,CE2,9.460000038146973
156PHE_CZ,156,PHE,CZ,9.760000228881836
157GLU_N,157,GLU,N,6.880000114440918
157GLU_CA,157,GLU,CA,7.400000095367432
157GLU_C,157,GLU,C,7.039999961853027
157GLU_O,157,GLU,O,7.789999961853027
157GLU_CB,157,GLU,CB,10.579999923706055
157GLU_CG,157,GLU,CG,13.710000038146973
157GLU_CD,157,GLU,CD,22.530000686645508
157GLU_OE1,157,GLU,OE1,21.0
157GLU_OE2,157,GLU,OE2,27.0
158ILE_N,158,ILE,N,7.829999923706055
158ILE_CA,158,ILE,CA,8.829999923706055
158ILE_C,158,ILE,C,9.0600004196167
158ILE_O,158,ILE,O,10.140000343322754
158ILE_CB,158,ILE,CB,10.5
158ILE_CG1,158,ILE,CG1,11.109999656677246
158ILE_CG2,158,ILE,CG2,12.489999771118164
158ILE_CD1,158,ILE,CD1,13.260000228881836
159ASP_N,159,ASP,N,11.510000228881836
159ASP_CA,159,ASP,CA,13.130000114440918
159ASP_C,159,ASP,C,13.600000381469727
159ASP_O,159,ASP,O,16.40999984741211
159ASP_CB,159,ASP,CB,17.860000610351562
159ASP_CG,159,ASP,CG,22.489999771118164
159ASP_OD1,159,ASP,OD1,21.489999771118164
159ASP_OD2,159,ASP,OD2,28.260000228881836
160PHE_N,160,PHE,N,10.010000228881836
160PHE_CA,160,PHE,CA,11.510000228881836
160PHE_C,160,PHE,C,11.010000228881836
160PHE_O,160,PHE,O,13.109999656677246
160PHE_CB,160,PHE,CB,13.329999923706055
160PHE_CG,160,PHE,CG,11.779999732971191
160PHE_CD1,160,PHE,CD1,14.319999694824219
160PHE_CD2,160,PHE,CD2,15.380000114440918
160PHE_CE1,160,PHE,CE1,14.319999694824219
160PHE_CE2,160,PHE,CE2,21.299999237060547
160PHE_CZ,160,PHE,CZ,15.8100004196167
161ASP_N,161,ASP,N,12.779999732971191
161ASP_CA,161,ASP,CA,13.84000015258789
161ASP_C,161,ASP,C,14.010000228881836
161ASP_O,161,ASP,O,16.329999923706055
161ASP_CB,161,ASP,CB,14.34000015258789
161ASP_CG,161,ASP,CG,21.709999084472656
161ASP_OD1,161,ASP,OD1,23.299999237060547
161ASP_OD2,161,ASP,OD2,24.3700008392334
162HIS_N,162,HIS,N,9.800000190734863
162HIS_CA,162,HIS,CA,8.869999885559082
162HIS_C,162,HIS,C,8.260000228881836
162HIS_O,162,HIS,O,9.970000267028809
162HIS_CB,162,HIS,CB,8.5
162HIS_CG,162,HIS,CG,8.260000228881836
162HIS_CD2,162,HIS,CD2,8.970000267028809
162HIS_ND1,162,HIS,ND1,7.650000095367432
162HIS_CE1,162,HIS,CE1,8.109999656677246
162HIS_NE2,162,HIS,NE2,9.140000343322754
163PRO_N,163,PRO,N,8.949999809265137
163PRO_CA,163,PRO,CA,10.460000038146973
163PRO_C,163,PRO,C,9.630000114440918
163PRO_O,163,PRO,O,10.670000076293945
163PRO_CB,163,PRO,CB,15.289999961853027
163PRO_CG,163,PRO,CG,16.729999542236328
163PRO_CD,163,PRO,CD,10.15999984741211
164VAL_N,164,VAL,N,8.319999694824219
164VAL_CA,164,VAL,CA,8.760000228881836
164VAL_C,164,VAL,C,8.760000228881836
164VAL_O,164,VAL,O,10.579999923706055
164VAL_CB,164,VAL,CB,9.470000267028809
164VAL_CG1,164,VAL,CG1,10.699999809265137
164VAL_CG2,164,VAL,CG2,10.850000381469727
165PHE_N,165,PHE,N,7.820000171661377
165PHE_CA,165,PHE,CA,7.019999980926514
165PHE_C,165,PHE,C,8.539999961853027
165PHE_O,165,PHE,O,9.130000114440918
165PHE_CB,165,PHE,CB,7.860000133514404
165PHE_CG,165,PHE,CG,7.960000038146973
165PHE_CD1,165,PHE,CD1,8.729999542236328
165PHE_CD2,165,PHE,CD2,10.40999984741211
165PHE_CE1,165,PHE,CE1,9.84000015258789
165PHE_CE2,165,PHE,CE2,11.9399995803833
165PHE_CZ,165,PHE,CZ,12.729999542236328
166ARG_N,166,ARG,N,8.930000305175781
166ARG_CA,166,ARG,CA,9.180000305175781
166ARG_C,166,ARG,C,12.850000381469727
166ARG_O,166,ARG,O,12.170000076293945
166ARG_CB,166,ARG,CB,12.930000305175781
166ARG_CG,166,ARG,CG,16.81999969482422
166ARG_CD,166,ARG,CD,25.469999313354492
166ARG_NE,166,ARG,NE,22.979999542236328
166ARG_CZ,166,ARG,CZ,21.989999771118164
166ARG_NH1,166,ARG,NH1,27.6200008392334
166ARG_NH2,166,ARG,NH2,21.520000457763672
167GLY_N,167,GLY,N,11.699999809265137
167GLY_CA,167,GLY,CA,13.390000343322754
167GLY_C,167,GLY,C,11.680000305175781
167GLY_O,167,GLY,O,15.319999694824219
168ARG_N,168,ARG,N,10.479999542236328
168ARG_CA,168,ARG,CA,11.260000228881836
168ARG_C,168,ARG,C,14.390000343322754
168ARG_O,168,ARG,O,13.65999984741211
168ARG_CB,168,ARG,CB,12.119999885559082
168ARG_CG,168,ARG,CG,16.940000534057617
168ARG_CD,168,ARG,CD,11.260000228881836
168ARG_NE,168,ARG,NE,11.020000457763672
168ARG_CZ,168,ARG,CZ,11.0
168ARG_NH1,168,ARG,NH1,10.760000228881836
168ARG_NH2,168,ARG,NH2,14.640000343322754
169THR_N,169,THR,N,14.010000228881836
169THR_CA,169,THR,CA,11.260000228881836
169THR_C,169,THR,C,11.949999809265137
169THR_O,169,THR,O,17.799999237060547
169THR_CB,169,THR,CB,14.40999984741211
169THR_CG2,169,THR,CG2,18.59000015258789
169THR_OG1,169,THR,OG1,19.860000610351562
170GLN_N,170,GLN,N,11.880000114440918
170GLN_CA,170,GLN,CA,10.979999542236328
170GLN_C,170,GLN,C,9.729999542236328
170GLN_O,170,GLN,O,9.5
170GLN_CB,170,GLN,CB,9.65999984741211
170GLN_CG,170,GLN,CG,10.529999732971191
170GLN_CD,170,GLN,CD,10.84000015258789
170GLN_NE2,170,GLN,NE2,12.710000038146973
170GLN_OE1,170,GLN,OE1,10.229999542236328
171GLN_N,171,GLN,N,10.880000114440918
171GLN_CA,171,GLN,CA,9.710000038146973
171GLN_C,171,GLN,C,10.8100004196167
171GLN_O,171,GLN,O,12.569999694824219
171GLN_CB,171,GLN,CB,18.530000686645508
171GLN_CG,171,GLN,CG,23.969999313354492
171GLN_CD,171,GLN,CD,31.200000762939453
171GLN_NE2,171,GLN,NE2,27.510000228881836
171GLN_OE1,171,GLN,OE1,33.720001220703125
172ALA_N,172,ALA,N,9.600000381469727
172ALA_CA,172,ALA,CA,9.680000305175781
172ALA_C,172,ALA,C,9.609999656677246
172ALA_O,172,ALA,O,9.890000343322754
172ALA_CB,172,ALA,CB,13.0600004196167
173SER_N,173,SER,N,9.529999732971191
173SER_CA,173,SER,CA,11.619999885559082
173SER_C,173,SER,C,12.420000076293945
173SER_O,173,SER,O,16.309999465942383
173SER_CB,173,SER,CB,15.229999542236328
173SER_OG,173,SER,OG,13.579999923706055
174VAL_N,174,VAL,N,10.390000343322754
174VAL_CA,174,VAL,CA,8.0
174VAL_C,174,VAL,C,9.130000114440918
174VAL_O,174,VAL,O,8.59000015258789
174VAL_CB,174,VAL,CB,11.569999694824219
174VAL_CG1,174,VAL,CG1,15.359999656677246
174VAL_CG2,174,VAL,CG2,16.030000686645508
175ASP_N,175,ASP,N,9.210000038146973
175ASP_CA,175,ASP,CA,9.989999771118164
175ASP_C,175,ASP,C,11.649999618530273
175ASP_O,175,ASP,O,11.819999694824219
175ASP_CB,175,ASP,CB,11.619999885559082
175ASP_CG,175,ASP,CG,13.239999771118164
175ASP_OD1,175,ASP,OD1,12.859999656677246
175ASP_OD2,175,ASP,OD2,15.359999656677246
176PHE_N,176,PHE,N,10.920000076293945
176PHE_CA,176,PHE,CA,12.350000381469727
176PHE_C,176,PHE,C,12.84000015258789
176PHE_O,176,PHE,O,24.440000534057617
176PHE_CB,176,PHE,CB,12.170000076293945
176PHE_CG,176,PHE,CG,12.649999618530273
176PHE_CD1,176,PHE,CD1,14.5
176PHE_CD2,176,PHE,CD2,14.029999732971191
176PHE_CE1,176,PHE,CE1,13.680000305175781
176PHE_CE2,176,PHE,CE2,15.420000076293945
176PHE_CZ,176,PHE,CZ,17.6299991607666
177SER_N,177,SER,N,11.199999809265137
177SER_CA,177,SER,CA,13.989999771118164
177SER_C,177,SER,C,13.789999961853027
177SER_O,177,SER,O,20.110000610351562
177SER_CB,177,SER,CB,15.460000038146973
177SER_OG,177,SER,OG,19.5
178SER_N,178,SER,N,13.739999771118164
178SER_CA,178,SER,CA,22.0
178SER_C,178,SER,C,17.15999984741211
178SER_O,178,SER,O,28.600000381469727
178SER_CB,178,SER,CB,29.68000030517578
178SER_OG,178,SER,OG,32.25
179THR_N,179,THR,N,13.979999542236328
179THR_CA,179,THR,CA,15.579999923706055
179THR_C,179,THR,C,12.979999542236328
179THR_O,179,THR,O,13.640000343322754
179THR_CB,179,THR,CB,25.979999542236328
179THR_CG2,179,THR,CG2,25.270000457763672
179THR_OG1,179,THR,OG1,33.060001373291016
180SER_N,180,SER,N,9.979999542236328
180SER_CA,180,SER,CA,9.079999923706055
180SER_C,180,SER,C,8.300000190734863
180SER_O,180,SER,O,9.050000190734863
180SER_CB,180,SER,CB,12.5600004196167
180SER_OG,180,SER,OG,10.890000343322754
181PHE_N,181,PHE,N,7.900000095367432
181PHE_CA,181,PHE,CA,7.150000095367432
181PHE_C,181,PHE,C,7.070000171661377
181PHE_O,181,PHE,O,7.090000152587891
181PHE_CB,181,PHE,CB,7.929999828338623
181PHE_CG,181,PHE,CG,8.140000343322754
181PHE_CD1,181,PHE,CD1,8.34000015258789
181PHE_CD2,181,PHE,CD2,9.430000305175781
181PHE_CE1,181,PHE,CE1,9.300000190734863
181PHE_CE2,181,PHE,CE2,10.220000267028809
181PHE_CZ,181,PHE,CZ,8.609999656677246
182VAL_N,182,VAL,N,6.510000228881836
182VAL_CA,182,VAL,CA,7.989999771118164
182VAL_C,182,VAL,C,7.71999979019165
182VAL_O,182,VAL,O,8.489999771118164
182VAL_CB,182,VAL,CB,7.769999980926514
182VAL_CG1,182,VAL,CG1,10.289999961853027
182VAL_CG2,182,VAL,CG2,9.869999885559082
183LYS_N,183,LYS,N,7.440000057220459
183LYS_CA,183,LYS,CA,9.220000267028809
183LYS_C,183,LYS,C,9.119999885559082
183LYS_O,183,LYS,O,10.369999885559082
183LYS_CB,183,LYS,CB,10.210000038146973
183LYS_CG,183,LYS,CG,11.630000114440918
183LYS_CD,183,LYS,CD,14.8100004196167
183LYS_CE,183,LYS,CE,16.260000228881836
183LYS_NZ,183,LYS,NZ,13.880000114440918
184GLU_N,184,GLU,N,8.979999542236328
184GLU_CA,184,GLU,CA,10.489999771118164
184GLU_C,184,GLU,C,9.40999984741211
184GLU_O,184,GLU,O,9.039999961853027
184GLU_CB,184,GLU,CB,11.600000381469727
184GLU_CG,184,GLU,CG,12.289999961853027
184GLU_CD,184,GLU,CD,24.270000457763672
184GLU_OE1,184,GLU,OE1,22.209999084472656
184GLU_OE2,184,GLU,OE2,28.219999313354492
185VAL_N,185,VAL,N,6.889999866485596
185VAL_CA,185,VAL,CA,6.610000133514404
185VAL_C,185,VAL,C,6.360000133514404
185VAL_O,185,VAL,O,7.489999771118164
185VAL_CB,185,VAL,CB,8.09000015258789
185VAL_CG1,185,VAL,CG1,8.789999961853027
185VAL_CG2,185,VAL,CG2,11.819999694824219
186SER_N,186,SER,N,5.809999942779541
186SER_CA,186,SER,CA,5.78000020980835
186SER_C,186,SER,C,5.139999866485596
186SER_O,186,SER,O,6.650000095367432
186SER_CB,186,SER,CB,7.960000038146973
186SER_OG,186,SER,OG,8.630000114440918
187ARG_N,187,ARG,N,6.070000171661377
187ARG_CA,187,ARG,CA,6.059999942779541
187ARG_C,187,ARG,C,6.78000020980835
187ARG_O,187,ARG,O,6.269999980926514
187ARG_CB,187,ARG,CB,7.900000095367432
187ARG_CG,187,ARG,CG,9.670000076293945
187ARG_CD,187,ARG,CD,11.100000381469727
187ARG_NE,187,ARG,NE,10.899999618530273
187ARG_CZ,187,ARG,CZ,12.0
187ARG_NH1,187,ARG,NH1,14.550000190734863
187ARG_NH2,187,ARG,NH2,11.380000114440918
188ALA_N,188,ALA,N,5.210000038146973
188ALA_CA,188,ALA,CA,5.019999980926514
188ALA_C,188,ALA,C,5.090000152587891
188ALA_O,188,ALA,O,5.610000133514404
188ALA_CB,188,ALA,CB,6.650000095367432
189ARG_N,189,ARG,N,5.909999847412109
189ARG_CA,189,ARG,CA,6.070000171661377
189ARG_C,189,ARG,C,5.610000133514404
189ARG_O,189,ARG,O,6.900000095367432
189ARG_CB,189,ARG,CB,6.599999904632568
189ARG_CG,189,ARG,CG,8.319999694824219
189ARG_CD,189,ARG,CD,7.090000152587891
189ARG_NE,189,ARG,NE,7.920000076293945
189ARG_CZ,189,ARG,CZ,9.720000267028809
189ARG_NH1,189,ARG,NH1,10.319999694824219
189ARG_NH2,189,ARG,NH2,9.569999694824219
190THR_N,190,THR,N,5.489999771118164
190THR_CA,190,THR,CA,5.150000095367432
190THR_C,190,THR,C,6.760000228881836
190THR_O,190,THR,O,6.090000152587891
190THR_CB,190,THR,CB,5.699999809265137
190THR_CG2,190,THR,CG2,5.820000171661377
190THR_OG1,190,THR,OG1,6.849999904632568
191PHE_N,191,PHE,N,6.510000228881836
191PHE_CA,191,PHE,CA,6.829999923706055
191PHE_C,191,PHE,C,7.230000019073486
191PHE_O,191,PHE,O,6.989999771118164
191PHE_CB,191,PHE,CB,7.809999942779541
191PHE_CG,191,PHE,CG,7.179999828338623
191PHE_CD1,191,PHE,CD1,9.34000015258789
191PHE_CD2,191,PHE,CD2,8.739999771118164
191PHE_CE1,191,PHE,CE1,8.970000267028809
191PHE_CE2,191,PHE,CE2,10.229999542236328
191PHE_CZ,191,PHE,CZ,9.329999923706055
192GLY_N,192,GLY,N,6.25
192GLY_CA,192,GLY,CA,6.409999847412109
192GLY_C,192,GLY,C,7.150000095367432
192GLY_O,192,GLY,O,6.829999923706055
193PHE_N,193,PHE,N,7.110000133514404
193PHE_CA,193,PHE,CA,8.050000190734863
193PHE_C,193,PHE,C,8.130000114440918
193PHE_O,193,PHE,O,8.6899995803833
193PHE_CB,193,PHE,CB,7.840000152587891
193PHE_CG,193,PHE,CG,9.109999656677246
193PHE_CD1,193,PHE,CD1,11.760000228881836
193PHE_CD2,193,PHE,CD2,9.550000190734863
193PHE_CE1,193,PHE,CE1,13.550000190734863
193PHE_CE2,193,PHE,CE2,9.09000015258789
193PHE_CZ,193,PHE,CZ,12.239999771118164
194MET_N,194,MET,N,8.390000343322754
194MET_CA,194,MET,CA,8.119999885559082
194MET_C,194,MET,C,9.649999618530273
194MET_O,194,MET,O,11.09000015258789
194MET_CB,194,MET,CB,10.989999771118164
194MET_CG,194,MET,CG,13.520000457763672
194MET_SD,194,MET,SD,23.399999618530273
194MET_CE,194,MET,CE,24.100000381469727
195ARG_N,195,ARG,N,8.890000343322754
195ARG_CA,195,ARG,CA,9.510000228881836
195ARG_C,195,ARG,C,9.90999984741211
195ARG_O,195,ARG,O,10.520000457763672
195ARG_CB,195,ARG,CB,10.359999656677246
195ARG_CG,195,ARG,CG,12.710000038146973
195ARG_CD,195,ARG,CD,14.75
195ARG_NE,195,ARG,NE,10.109999656677246
195ARG_CZ,195,ARG,CZ,12.3100004196167
195ARG_NH1,195,ARG,NH1,12.8100004196167
195ARG_NH2,195,ARG,NH2,11.710000038146973
196ASP_N,196,ASP,N,11.0600004196167
196ASP_CA,196,ASP,CA,9.149999618530273
196ASP_C,196,ASP,C,10.680000305175781
196ASP_O,196,ASP,O,11.229999542236328
196ASP_CB,196,ASP,CB,11.649999618530273
196ASP_CG,196,ASP,CG,16.5
196ASP_OD1,196,ASP,OD1,17.209999084472656
196ASP_OD2,196,ASP,OD2,15.100000381469727
197ILE_N,197,ILE,N,10.9399995803833
197ILE_CA,197,ILE,CA,9.1899995803833
197ILE_C,197,ILE,C,11.800000190734863
197ILE_O,197,ILE,O,11.670000076293945
197ILE_CB,197,ILE,CB,12.680000305175781
197ILE_CG1,197,ILE,CG1,13.579999923706055
197ILE_CG2,197,ILE,CG2,14.890000343322754
197ILE_CD1,197,ILE,CD1,10.979999542236328
198GLU_N,198,GLU,N,11.600000381469727
198GLU_CA,198,GLU,CA,13.1899995803833
198GLU_C,198,GLU,C,10.75
198GLU_O,198,GLU,O,13.25
198GLU_CB,198,GLU,CB,13.460000038146973
198GLU_CG,198,GLU,CG,19.06999969482422
198GLU_CD,198,GLU,CD,29.3799991607666
198GLU_OE1,198,GLU,OE1,30.3799991607666
198GLU_OE2,198,GLU,OE2,30.809999465942383
199TYR_N,199,TYR,N,11.390000343322754
199TYR_CA,199,TYR,CA,11.989999771118164
199TYR_C,199,TYR,C,12.680000305175781
199TYR_O,199,TYR,O,12.829999923706055
199TYR_CB,199,TYR,CB,15.369999885559082
199TYR_CG,199,TYR,CG,22.350000381469727
199TYR_CD1,199,TYR,CD1,23.239999771118164
199TYR_CD2,199,TYR,CD2,22.790000915527344
199TYR_CE1,199,TYR,CE1,30.09000015258789
199TYR_CE2,199,TYR,CE2,28.43000030517578
199TYR_CZ,199,TYR,CZ,31.780000686645508
199TYR_OH,199,TYR,OH,38.2400016784668
200LEU_N,200,LEU,N,11.569999694824219
200LEU_CA,200,LEU,CA,11.109999656677246
200LEU_C,200,LEU,C,9.130000114440918
200LEU_O,200,LEU,O,10.949999809265137
200LEU_CB,200,LEU,CB,8.829999923706055
200LEU_CG,200,LEU,CG,10.739999771118164
200LEU_CD1,200,LEU,CD1,13.15999984741211
200LEU_CD2,200,LEU,CD2,17.600000381469727
201ARG_N,201,ARG,N,9.75
201ARG_CA,201,ARG,CA,11.039999961853027
201ARG_C,201,ARG,C,11.819999694824219
201ARG_O,201,ARG,O,12.979999542236328
201ARG_CB,201,ARG,CB,12.5600004196167
201ARG_CG,201,ARG,CG,15.6899995803833
201ARG_CD,201,ARG,CD,18.020000457763672
201ARG_NE,201,ARG,NE,16.610000610351562
201ARG_CZ,201,ARG,CZ,23.719999313354492
201ARG_NH1,201,ARG,NH1,23.100000381469727
201ARG_NH2,201,ARG,NH2,27.34000015258789
202SER_N,202,SER,N,13.720000267028809
202SER_CA,202,SER,CA,13.779999732971191
202SER_C,202,SER,C,11.460000038146973
202SER_O,202,SER,O,15.079999923706055
202SER_CB,202,SER,CB,16.690000534057617
202SER_OG,202,SER,OG,15.350000381469727
203GLN_N,203,GLN,N,13.84000015258789
203GLN_CA,203,GLN,CA,14.880000114440918
203GLN_C,203,GLN,C,13.229999542236328
203GLN_O,203,GLN,O,13.170000076293945
203GLN_CB,203,GLN,CB,20.09000015258789
203GLN_CG,203,GLN,CG,26.0
203GLN_CD,203,GLN,CD,33.63999938964844
203GLN_NE2,203,GLN,NE2,37.709999084472656
203GLN_OE1,203,GLN,OE1,37.86000061035156
204ASN_N,204,ASN,N,13.109999656677246
204ASN_CA,204,ASN,CA,13.020000457763672
204ASN_C,204,ASN,C,13.600000381469727
204ASN_O,204,ASN,O,13.329999923706055
204ASN_CB,204,ASN,CB,13.829999923706055
204ASN_CG,204,ASN,CG,16.649999618530273
204ASN_ND2,204,ASN,ND2,20.3799991607666
204ASN_OD1,204,ASN,OD1,14.8100004196167
205LEU_N,205,LEU,N,11.149999618530273
205LEU_CA,205,LEU,CA,11.819999694824219
205LEU_C,205,LEU,C,8.430000305175781
205LEU_O,205,LEU,O,9.59000015258789
205LEU_CB,205,LEU,CB,11.270000457763672
205LEU_CG,205,LEU,CG,12.869999885559082
205LEU_CD1,205,LEU,CD1,14.510000228881836
205LEU_CD2,205,LEU,CD2,18.979999542236328
206ALA_N,206,ALA,N,7.28000020980835
206ALA_CA,206,ALA,CA,7.800000190734863
206ALA_C,206,ALA,C,8.0
206ALA_O,206,ALA,O,8.3100004196167
206ALA_CB,206,ALA,CB,9.069999694824219
207LEU_N,207,LEU,N,7.900000095367432
207LEU_CA,207,LEU,CA,9.140000343322754
207LEU_C,207,LEU,C,9.199999809265137
207LEU_O,207,LEU,O,11.569999694824219
207LEU_CB,207,LEU,CB,8.819999694824219
207LEU_CG,207,LEU,CG,10.0
207LEU_CD1,207,LEU,CD1,10.079999923706055
207LEU_CD2,207,LEU,CD2,12.050000190734863
208GLY_N,208,GLY,N,7.230000019073486
208GLY_CA,208,GLY,CA,8.640000343322754
208GLY_C,208,GLY,C,9.380000114440918
208GLY_O,208,GLY,O,8.9399995803833
209GLY_N,209,GLY,N,8.789999961853027
209GLY_CA,209,GLY,CA,8.050000190734863
209GLY_C,209,GLY,C,9.640000343322754
209GLY_O,209,GLY,O,10.3100004196167
210SER_N,210,SER,N,7.570000171661377
210SER_CA,210,SER,CA,9.3100004196167
210SER_C,210,SER,C,7.289999961853027
210SER_O,210,SER,O,6.889999866485596
210SER_CB,210,SER,CB,11.569999694824219
210SER_OG,210,SER,OG,14.0600004196167
211VAL_N,211,VAL,N,8.199999809265137
211VAL_CA,211,VAL,CA,7.900000095367432
211VAL_C,211,VAL,C,9.170000076293945
211VAL_O,211,VAL,O,11.819999694824219
211VAL_CB,211,VAL,CB,9.069999694824219
211VAL_CG1,211,VAL,CG1,10.529999732971191
211VAL_CG2,211,VAL,CG2,11.779999732971191
212GLU_N,212,GLU,N,9.649999618530273
212GLU_CA,212,GLU,CA,10.449999809265137
212GLU_C,212,GLU,C,10.0600004196167
212GLU_O,212,GLU,O,13.9399995803833
212GLU_CB,212,GLU,CB,14.34000015258789
212GLU_CG,212,GLU,CG,21.8700008392334
212GLU_CD,212,GLU,CD,38.880001068115234
212GLU_OE1,212,GLU,OE1,46.02000045776367
212GLU_OE2,212,GLU,OE2,45.40999984741211
213ASN_N,213,ASN,N,7.039999961853027
213ASN_CA,213,ASN,CA,6.880000114440918
213ASN_C,213,ASN,C,7.920000076293945
213ASN_O,213,ASN,O,7.809999942779541
213ASN_CB,213,ASN,CB,10.4399995803833
213ASN_CG,213,ASN,CG,7.21999979019165
213ASN_ND2,213,ASN,ND2,9.319999694824219
213ASN_OD1,213,ASN,OD1,9.210000038146973
214ALA_N,214,ALA,N,7.159999847412109
214ALA_CA,214,ALA,CA,5.880000114440918
214ALA_C,214,ALA,C,6.139999866485596
214ALA_O,214,ALA,O,6.980000019073486
214ALA_CB,214,ALA,CB,7.019999980926514
215ILE_N,215,ILE,N,5.860000133514404
215ILE_CA,215,ILE,CA,5.25
215ILE_C,215,ILE,C,6.309999942779541
215ILE_O,215,ILE,O,7.809999942779541
215ILE_CB,215,ILE,CB,5.659999847412109
215ILE_CG1,215,ILE,CG1,7.53000020980835
215ILE_CG2,215,ILE,CG2,8.0
215ILE_CD1,215,ILE,CD1,9.949999809265137
216VAL_N,216,VAL,N,5.360000133514404
216VAL_CA,216,VAL,CA,6.199999809265137
216VAL_C,216,VAL,C,5.829999923706055
216VAL_O,216,VAL,O,6.980000019073486
216VAL_CB,216,VAL,CB,6.650000095367432
216VAL_CG1,216,VAL,CG1,8.569999694824219
216VAL_CG2,216,VAL,CG2,7.389999866485596
217VAL_N,217,VAL,N,6.199999809265137
217VAL_CA,217,VAL,CA,8.220000267028809
217VAL_C,217,VAL,C,6.96999979019165
217VAL_O,217,VAL,O,7.610000133514404
217VAL_CB,217,VAL,CB,7.730000019073486
217VAL_CG1,217,VAL,CG1,10.630000114440918
217VAL_CG2,217,VAL,CG2,8.6899995803833
218ASP_N,218,ASP,N,7.210000038146973
218ASP_CA,218,ASP,CA,8.3100004196167
218ASP_C,218,ASP,C,9.40999984741211
218ASP_O,218,ASP,O,9.829999923706055
218ASP_CB,218,ASP,CB,10.979999542236328
218ASP_CG,218,ASP,CG,16.270000457763672
218ASP_OD1,218,ASP,OD1,19.799999237060547
218ASP_OD2,218,ASP,OD2,21.520000457763672
219GLU_N,219,GLU,N,8.930000305175781
219GLU_CA,219,GLU,CA,8.930000305175781
219GLU_C,219,GLU,C,11.520000457763672
219GLU_O,219,GLU,O,11.579999923706055
219GLU_CB,219,GLU,CB,12.0
219GLU_CG,219,GLU,CG,11.1899995803833
219GLU_CD,219,GLU,CD,12.449999809265137
219GLU_OE1,219,GLU,OE1,12.010000228881836
219GLU_OE2,219,GLU,OE2,14.890000343322754
220ASN_N,220,ASN,N,11.460000038146973
220ASN_CA,220,ASN,CA,12.050000190734863
220ASN_C,220,ASN,C,11.6899995803833
220ASN_O,220,ASN,O,15.140000343322754
220ASN_CB,220,ASN,CB,13.920000076293945
220ASN_CG,220,ASN,CG,14.119999885559082
220ASN_ND2,220,ASN,ND2,17.920000076293945
220ASN_OD1,220,ASN,OD1,11.630000114440918
221ARG_N,221,ARG,N,9.920000076293945
221ARG_CA,221,ARG,CA,10.260000228881836
221ARG_C,221,ARG,C,9.319999694824219
221ARG_O,221,ARG,O,10.079999923706055
221ARG_CB,221,ARG,CB,10.640000343322754
221ARG_CG,221,ARG,CG,11.640000343322754
221ARG_CD,221,ARG,CD,13.430000305175781
221ARG_NE,221,ARG,NE,14.84000015258789
221ARG_CZ,221,ARG,CZ,18.829999923706055
221ARG_NH1,221,ARG,NH1,20.8700008392334
221ARG_NH2,221,ARG,NH2,19.790000915527344
222VAL_N,222,VAL,N,10.109999656677246
222VAL_CA,222,VAL,CA,9.029999732971191
222VAL_C,222,VAL,C,10.420000076293945
222VAL_O,222,VAL,O,11.260000228881836
222VAL_CB,222,VAL,CB,11.359999656677246
222VAL_CG1,222,VAL,CG1,13.829999923706055
222VAL_CG2,222,VAL,CG2,14.979999542236328
223LEU_N,223,LEU,N,7.900000095367432
223LEU_CA,223,LEU,CA,8.15999984741211
223LEU_C,223,LEU,C,10.90999984741211
223LEU_O,223,LEU,O,11.670000076293945
223LEU_CB,223,LEU,CB,10.010000228881836
223LEU_CG,223,LEU,CG,11.0600004196167
223LEU_CD1,223,LEU,CD1,15.319999694824219
223LEU_CD2,223,LEU,CD2,11.520000457763672
224ASN_N,224,ASN,N,7.28000020980835
224ASN_CA,224,ASN,CA,9.600000381469727
224ASN_C,224,ASN,C,8.800000190734863
224ASN_O,224,ASN,O,10.640000343322754
224ASN_CB,224,ASN,CB,7.809999942779541
224ASN_CG,224,ASN,CG,6.710000038146973
224ASN_ND2,224,ASN,ND2,8.029999732971191
224ASN_OD1,224,ASN,OD1,7.360000133514404
225GLU_N,225,GLU,N,8.989999771118164
225GLU_CA,225,GLU,CA,10.130000114440918
225GLU_C,225,GLU,C,9.199999809265137
225GLU_O,225,GLU,O,13.119999885559082
225GLU_CB,225,GLU,CB,14.119999885559082
225GLU_CG,225,GLU,CG,16.799999237060547
225GLU_CD,225,GLU,CD,24.729999542236328
225GLU_OE1,225,GLU,OE1,26.1200008392334
225GLU_OE2,225,GLU,OE2,27.940000534057617
226ASP_N,226,ASP,N,10.550000190734863
226ASP_CA,226,ASP,CA,12.270000457763672
226ASP_C,226,ASP,C,12.319999694824219
226ASP_O,226,ASP,O,18.860000610351562
226ASP_CB,226,ASP,CB,18.190000534057617
226ASP_CG,226,ASP,CG,26.059999465942383
226ASP_OD1,226,ASP,OD1,29.389999389648438
226ASP_OD2,226,ASP,OD2,27.649999618530273
227GLY_N,227,GLY,N,12.420000076293945
227GLY_CA,227,GLY,CA,14.930000305175781
227GLY_C,227,GLY,C,11.119999885559082
227GLY_O,227,GLY,O,13.140000343322754
228LEU_N,228,LEU,N,8.640000343322754
228LEU_CA,228,LEU,CA,7.480000019073486
228LEU_C,228,LEU,C,7.960000038146973
228LEU_O,228,LEU,O,8.770000457763672
228LEU_CB,228,LEU,CB,10.09000015258789
228LEU_CG,228,LEU,CG,10.699999809265137
228LEU_CD1,228,LEU,CD1,12.109999656677246
228LEU_CD2,228,LEU,CD2,12.180000305175781
229ARG_N,229,ARG,N,6.900000095367432
229ARG_CA,229,ARG,CA,6.400000095367432
229ARG_C,229,ARG,C,7.480000019073486
229ARG_O,229,ARG,O,9.270000457763672
229ARG_CB,229,ARG,CB,7.400000095367432
229ARG_CG,229,ARG,CG,7.389999866485596
229ARG_CD,229,ARG,CD,7.829999923706055
229ARG_NE,229,ARG,NE,7.409999847412109
229ARG_CZ,229,ARG,CZ,8.079999923706055
229ARG_NH1,229,ARG,NH1,7.989999771118164
229ARG_NH2,229,ARG,NH2,10.319999694824219
230TYR_N,230,TYR,N,7.550000190734863
230TYR_CA,230,TYR,CA,7.869999885559082
230TYR_C,230,TYR,C,7.139999866485596
230TYR_O,230,TYR,O,7.880000114440918
230TYR_CB,230,TYR,CB,8.90999984741211
230TYR_CG,230,TYR,CG,8.300000190734863
230TYR_CD1,230,TYR,CD1,10.989999771118164
230TYR_CD2,230,TYR,CD2,13.710000038146973
230TYR_CE1,230,TYR,CE1,10.25
230TYR_CE2,230,TYR,CE2,12.829999923706055
230TYR_CZ,230,TYR,CZ,10.449999809265137
230TYR_OH,230,TYR,OH,10.899999618530273
231GLU_N,231,GLU,N,7.539999961853027
231GLU_CA,231,GLU,CA,8.399999618530273
231GLU_C,231,GLU,C,7.960000038146973
231GLU_O,231,GLU,O,9.399999618530273
231GLU_CB,231,GLU,CB,12.470000267028809
231GLU_CG,231,GLU,CG,14.5
231GLU_CD,231,GLU,CD,12.890000343322754
231GLU_OE1,231,GLU,OE1,17.209999084472656
231GLU_OE2,231,GLU,OE2,24.239999771118164
232ASP_N,232,ASP,N,7.869999885559082
232ASP_CA,232,ASP,CA,7.699999809265137
232ASP_C,232,ASP,C,5.869999885559082
232ASP_O,232,ASP,O,6.320000171661377
232ASP_CB,232,ASP,CB,8.029999732971191
232ASP_CG,232,ASP,CG,11.15999984741211
232ASP_OD1,232,ASP,OD1,11.800000190734863
232ASP_OD2,232,ASP,OD2,14.65999984741211
233GLU_N,233,GLU,N,6.599999904632568
233GLU_CA,233,GLU,CA,6.179999828338623
233GLU_C,233,GLU,C,6.199999809265137
233GLU_O,233,GLU,O,5.110000133514404
233GLU_CB,233,GLU,CB,5.909999847412109
233GLU_CG,233,GLU,CG,6.329999923706055
233GLU_CD,233,GLU,CD,5.699999809265137
233GLU_OE1,233,GLU,OE1,7.050000190734863
233GLU_OE2,233,GLU,OE2,6.559999942779541
234PHE_N,234,PHE,N,5.53000020980835
234PHE_CA,234,PHE,CA,6.829999923706055
234PHE_C,234,PHE,C,5.590000152587891
234PHE_O,234,PHE,O,6.400000095367432
234PHE_CB,234,PHE,CB,7.96999979019165
234PHE_CG,234,PHE,CG,6.239999771118164
234PHE_CD1,234,PHE,CD1,9.84000015258789
234PHE_CD2,234,PHE,CD2,15.489999771118164
234PHE_CE1,234,PHE,CE1,12.3100004196167
234PHE_CE2,234,PHE,CE2,20.100000381469727
234PHE_CZ,234,PHE,CZ,12.899999618530273
235VAL_N,235,VAL,N,5.239999771118164
235VAL_CA,235,VAL,CA,4.960000038146973
235VAL_C,235,VAL,C,5.679999828338623
235VAL_O,235,VAL,O,6.440000057220459
235VAL_CB,235,VAL,CB,6.659999847412109
235VAL_CG1,235,VAL,CG1,9.550000190734863
235VAL_CG2,235,VAL,CG2,9.1899995803833
236LYS_N,236,LYS,N,6.28000020980835
236LYS_CA,236,LYS,CA,7.380000114440918
236LYS_C,236,LYS,C,6.650000095367432
236LYS_O,236,LYS,O,5.210000038146973
236LYS_CB,236,LYS,CB,6.699999809265137
236LYS_CG,236,LYS,CG,9.3100004196167
236LYS_CD,236,LYS,CD,8.25
236LYS_CE,236,LYS,CE,10.229999542236328
236LYS_NZ,236,LYS,NZ,18.93000030517578
237HIS_N,237,HIS,N,5.210000038146973
237HIS_CA,237,HIS,CA,5.960000038146973
237HIS_C,237,HIS,C,5.78000020980835
237HIS_O,237,HIS,O,5.329999923706055
237HIS_CB,237,HIS,CB,5.71999979019165
237HIS_CG,237,HIS,CG,5.429999828338623
237HIS_CD2,237,HIS,CD2,5.130000114440918
237HIS_ND1,237,HIS,ND1,5.159999847412109
237HIS_CE1,237,HIS,CE1,5.389999866485596
237HIS_NE2,237,HIS,NE2,4.989999771118164
238LYS_N,238,LYS,N,5.019999980926514
238LYS_CA,238,LYS,CA,6.010000228881836
238LYS_C,238,LYS,C,6.300000190734863
238LYS_O,238,LYS,O,5.880000114440918
238LYS_CB,238,LYS,CB,7.619999885559082
238LYS_CG,238,LYS,CG,9.470000267028809
238LYS_CD,238,LYS,CD,13.010000228881836
238LYS_CE,238,LYS,CE,11.579999923706055
238LYS_NZ,238,LYS,NZ,13.699999809265137
239ILE_N,239,ILE,N,5.079999923706055
239ILE_CA,239,ILE,CA,7.050000190734863
239ILE_C,239,ILE,C,4.809999942779541
239ILE_O,239,ILE,O,5.300000190734863
239ILE_CB,239,ILE,CB,6.059999942779541
239ILE_CG1,239,ILE,CG1,7.559999942779541
239ILE_CG2,239,ILE,CG2,6.179999828338623
239ILE_CD1,239,ILE,CD1,11.720000267028809
240LEU_N,240,LEU,N,5.340000152587891
240LEU_CA,240,LEU,CA,5.139999866485596
240LEU_C,240,LEU,C,5.110000133514404
240LEU_O,240,LEU,O,5.71999979019165
240LEU_CB,240,LEU,CB,6.420000076293945
240LEU_CG,240,LEU,CG,5.71999979019165
240LEU_CD1,240,LEU,CD1,8.010000228881836
240LEU_CD2,240,LEU,CD2,9.369999885559082
241ASP_N,241,ASP,N,4.820000171661377
241ASP_CA,241,ASP,CA,5.670000076293945
241ASP_C,241,ASP,C,5.440000057220459
241ASP_O,241,ASP,O,5.940000057220459
241ASP_CB,241,ASP,CB,6.170000076293945
241ASP_CG,241,ASP,CG,5.739999771118164
241ASP_OD1,241,ASP,OD1,6.730000019073486
241ASP_OD2,241,ASP,OD2,7.96999979019165
242ALA_N,242,ALA,N,5.920000076293945
242ALA_CA,242,ALA,CA,6.349999904632568
242ALA_C,242,ALA,C,5.110000133514404
242ALA_O,242,ALA,O,5.960000038146973
242ALA_CB,242,ALA,CB,6.550000190734863
243ILE_N,243,ILE,N,6.300000190734863
243ILE_CA,243,ILE,CA,5.889999866485596
243ILE_C,243,ILE,C,6.699999809265137
243ILE_O,243,ILE,O,5.909999847412109
243ILE_CB,243,ILE,CB,5.980000019073486
243ILE_CG1,243,ILE,CG1,6.639999866485596
243ILE_CG2,243,ILE,CG2,6.429999828338623
243ILE_CD1,243,ILE,CD1,8.539999961853027
244GLY_N,244,GLY,N,5.579999923706055
244GLY_CA,244,GLY,CA,5.380000114440918
244GLY_C,244,GLY,C,5.019999980926514
244GLY_O,244,GLY,O,6.300000190734863
245ASP_N,245,ASP,N,5.480000019073486
245ASP_CA,245,ASP,CA,6.260000228881836
245ASP_C,245,ASP,C,7.380000114440918
245ASP_O,245,ASP,O,7.400000095367432
245ASP_CB,245,ASP,CB,7.190000057220459
245ASP_CG,245,ASP,CG,7.789999961853027
245ASP_OD1,245,ASP,OD1,9.319999694824219
245ASP_OD2,245,ASP,OD2,9.399999618530273
246LEU_N,246,LEU,N,6.880000114440918
246LEU_CA,246,LEU,CA,7.860000133514404
246LEU_C,246,LEU,C,6.110000133514404
246LEU_O,246,LEU,O,6.539999961853027
246LEU_CB,246,LEU,CB,25.239999771118164
246LEU_CG,246,LEU,CG,30.260000228881836
246LEU_CD1,246,LEU,CD1,25.459999084472656
246LEU_CD2,246,LEU,CD2,25.549999237060547
247TYR_N,247,TYR,N,6.079999923706055
247TYR_CA,247,TYR,CA,6.639999866485596
247TYR_C,247,TYR,C,6.320000171661377
247TYR_O,247,TYR,O,7.090000152587891
247TYR_CB,247,TYR,CB,6.400000095367432
247TYR_CG,247,TYR,CG,6.360000133514404
247TYR_CD1,247,TYR,CD1,7.800000190734863
247TYR_CD2,247,TYR,CD2,9.4399995803833
247TYR_CE1,247,TYR,CE1,10.75
247TYR_CE2,247,TYR,CE2,13.489999771118164
247TYR_CZ,247,TYR,CZ,13.020000457763672
247TYR_OH,247,TYR,OH,15.75
248LEU_N,248,LEU,N,6.320000171661377
248LEU_CA,248,LEU,CA,6.840000152587891
248LEU_C,248,LEU,C,7.289999961853027
248LEU_O,248,LEU,O,7.75
248LEU_CB,248,LEU,CB,7.75
248LEU_CG,248,LEU,CG,7.920000076293945
248LEU_CD1,248,LEU,CD1,12.880000114440918
248LEU_CD2,248,LEU,CD2,10.970000267028809
249LEU_N,249,LEU,N,7.809999942779541
249LEU_CA,249,LEU,CA,8.069999694824219
249LEU_C,249,LEU,C,8.170000076293945
249LEU_O,249,LEU,O,11.260000228881836
249LEU_CB,249,LEU,CB,9.369999885559082
249LEU_CG,249,LEU,CG,10.4399995803833
249LEU_CD1,249,LEU,CD1,11.5600004196167
249LEU_CD2,249,LEU,CD2,12.75
250GLY_N,250,GLY,N,8.260000228881836
250GLY_CA,250,GLY,CA,11.65999984741211
250GLY_C,250,GLY,C,10.579999923706055
250GLY_O,250,GLY,O,12.779999732971191
251ASN_N,251,ASN,N,10.390000343322754
251ASN_CA,251,ASN,CA,9.239999771118164
251ASN_C,251,ASN,C,9.300000190734863
251ASN_O,251,ASN,O,10.899999618530273
251ASN_CB,251,ASN,CB,11.1899995803833
251ASN_CG,251,ASN,CG,20.079999923706055
251ASN_ND2,251,ASN,ND2,17.84000015258789
251ASN_OD1,251,ASN,OD1,28.139999389648438
252SER_N,252,SER,N,8.430000305175781
252SER_CA,252,SER,CA,9.90999984741211
252SER_C,252,SER,C,7.78000020980835
252SER_O,252,SER,O,9.15999984741211
252SER_CB,252,SER,CB,12.229999542236328
252SER_OG,252,SER,OG,12.710000038146973
253LEU_N,253,LEU,N,10.149999618530273
253LEU_CA,253,LEU,CA,9.050000190734863
253LEU_C,253,LEU,C,7.900000095367432
253LEU_O,253,LEU,O,9.25
253LEU_CB,253,LEU,CB,9.15999984741211
253LEU_CG,253,LEU,CG,14.449999809265137
253LEU_CD1,253,LEU,CD1,20.270000457763672
253LEU_CD2,253,LEU,CD2,11.100000381469727
254ILE_N,254,ILE,N,6.789999961853027
254ILE_CA,254,ILE,CA,7.559999942779541
254ILE_C,254,ILE,C,6.28000020980835
254ILE_O,254,ILE,O,6.869999885559082
254ILE_CB,254,ILE,CB,8.479999542236328
254ILE_CG1,254,ILE,CG1,10.75
254ILE_CG2,254,ILE,CG2,8.90999984741211
254ILE_CD1,254,ILE,CD1,14.739999771118164
255GLY_N,255,GLY,N,5.659999847412109
255GLY_CA,255,GLY,CA,6.789999961853027
255GLY_C,255,GLY,C,5.989999771118164
255GLY_O,255,GLY,O,6.409999847412109
256GLU_N,256,GLU,N,5.849999904632568
256GLU_CA,256,GLU,CA,5.570000171661377
256GLU_C,256,GLU,C,5.78000020980835
256GLU_O,256,GLU,O,7.179999828338623
256GLU_CB,256,GLU,CB,9.229999542236328
256GLU_CG,256,GLU,CG,13.829999923706055
256GLU_CD,256,GLU,CD,11.050000190734863
256GLU_OE1,256,GLU,OE1,14.770000457763672
256GLU_OE2,256,GLU,OE2,14.4399995803833
257PHE_N,257,PHE,N,4.940000057220459
257PHE_CA,257,PHE,CA,5.010000228881836
257PHE_C,257,PHE,C,6.929999828338623
257PHE_O,257,PHE,O,6.400000095367432
257PHE_CB,257,PHE,CB,6.110000133514404
257PHE_CG,257,PHE,CG,5.760000228881836
257PHE_CD1,257,PHE,CD1,8.069999694824219
257PHE_CD2,257,PHE,CD2,7.340000152587891
257PHE_CE1,257,PHE,CE1,7.739999771118164
257PHE_CE2,257,PHE,CE2,7.21999979019165
257PHE_CZ,257,PHE,CZ,7.230000019073486
258ARG_N,258,ARG,N,6.880000114440918
258ARG_CA,258,ARG,CA,6.440000057220459
258ARG_C,258,ARG,C,6.170000076293945
258ARG_O,258,ARG,O,8.050000190734863
258ARG_CB,258,ARG,CB,8.529999732971191
258ARG_CG,258,ARG,CG,8.989999771118164
258ARG_CD,258,ARG,CD,10.720000267028809
258ARG_NE,258,ARG,NE,12.510000228881836
258ARG_CZ,258,ARG,CZ,14.100000381469727
258ARG_NH1,258,ARG,NH1,22.780000686645508
258ARG_NH2,258,ARG,NH2,13.899999618530273
259GLY_N,259,GLY,N,6.639999866485596
259GLY_CA,259,GLY,CA,5.880000114440918
259GLY_C,259,GLY,C,7.369999885559082
259GLY_O,259,GLY,O,7.460000038146973
260PHE_N,260,PHE,N,7.090000152587891
260PHE_CA,260,PHE,CA,7.829999923706055
260PHE_C,260,PHE,C,7.789999961853027
260PHE_O,260,PHE,O,7.730000019073486
260PHE_CB,260,PHE,CB,10.0
260PHE_CG,260,PHE,CG,17.229999542236328
260PHE_CD1,260,PHE,CD1,18.420000076293945
260PHE_CD2,260,PHE,CD2,16.059999465942383
260PHE_CE1,260,PHE,CE1,22.3700008392334
260PHE_CE2,260,PHE,CE2,19.389999389648438
260PHE_CZ,260,PHE,CZ,18.389999389648438
261LYS_N,261,LYS,N,8.199999809265137
261LYS_CA,261,LYS,CA,11.819999694824219
261LYS_C,261,LYS,C,11.5
261LYS_O,261,LYS,O,14.989999771118164
261LYS_CB,261,LYS,CB,12.699999809265137
261LYS_CG,261,LYS,CG,15.1899995803833
261LYS_CD,261,LYS,CD,23.280000686645508
261LYS_CE,261,LYS,CE,32.5
261LYS_NZ,261,LYS,NZ,35.880001068115234
262SER_N,262,SER,N,9.970000267028809
262SER_CA,262,SER,CA,10.5600004196167
262SER_C,262,SER,C,10.960000038146973
262SER_O,262,SER,O,13.510000228881836
262SER_CB,262,SER,CB,11.020000457763672
262SER_OG,262,SER,OG,12.930000305175781
263GLY_N,263,GLY,N,12.260000228881836
263GLY_CA,263,GLY,CA,11.460000038146973
263GLY_C,263,GLY,C,7.760000228881836
263GLY_O,263,GLY,O,7.829999923706055
264HIS_N,264,HIS,N,8.079999923706055
264HIS_CA,264,HIS,CA,6.369999885559082
264HIS_C,264,HIS,C,7.369999885559082
264HIS_O,264,HIS,O,7.630000114440918
264HIS_CB,264,HIS,CB,7.599999904632568
264HIS_CG,264,HIS,CG,7.75
264HIS_CD2,264,HIS,CD2,9.479999542236328
264HIS_ND1,264,HIS,ND1,8.319999694824219
264HIS_CE1,264,HIS,CE1,8.65999984741211
264HIS_NE2,264,HIS,NE2,10.029999732971191
265ALA_N,265,ALA,N,8.300000190734863
265ALA_CA,265,ALA,CA,8.039999961853027
265ALA_C,265,ALA,C,7.869999885559082
265ALA_O,265,ALA,O,8.359999656677246
265ALA_CB,265,ALA,CB,9.510000228881836
266LEU_N,266,LEU,N,7.440000057220459
266LEU_CA,266,LEU,CA,7.0
266LEU_C,266,LEU,C,6.869999885559082
266LEU_O,266,LEU,O,6.909999847412109
266LEU_CB,266,LEU,CB,8.319999694824219
266LEU_CG,266,LEU,CG,7.960000038146973
266LEU_CD1,266,LEU,CD1,9.600000381469727
266LEU_CD2,266,LEU,CD2,9.180000305175781
267ASN_N,267,ASN,N,5.820000171661377
267ASN_CA,267,ASN,CA,6.559999942779541
267ASN_C,267,ASN,C,6.809999942779541
267ASN_O,267,ASN,O,7.170000076293945
267ASN_CB,267,ASN,CB,7.849999904632568
267ASN_CG,267,ASN,CG,8.010000228881836
267ASN_ND2,267,ASN,ND2,8.609999656677246
267ASN_OD1,267,ASN,OD1,8.069999694824219
268ASN_N,268,ASN,N,6.599999904632568
268ASN_CA,268,ASN,CA,7.010000228881836
268ASN_C,268,ASN,C,8.289999961853027
268ASN_O,268,ASN,O,7.380000114440918
268ASN_CB,268,ASN,CB,9.359999656677246
268ASN_CG,268,ASN,CG,8.65999984741211
268ASN_ND2,268,ASN,ND2,9.170000076293945
268ASN_OD1,268,ASN,OD1,8.930000305175781
269GLN_N,269,GLN,N,7.090000152587891
269GLN_CA,269,GLN,CA,7.400000095367432
269GLN_C,269,GLN,C,6.21999979019165
269GLN_O,269,GLN,O,6.639999866485596
269GLN_CB,269,GLN,CB,9.520000457763672
269GLN_CG,269,GLN,CG,8.079999923706055
269GLN_CD,269,GLN,CD,15.930000305175781
269GLN_NE2,269,GLN,NE2,15.569999694824219
269GLN_OE1,269,GLN,OE1,23.8799991607666
270LEU_N,270,LEU,N,5.230000019073486
270LEU_CA,270,LEU,CA,5.420000076293945
270LEU_C,270,LEU,C,4.53000020980835
270LEU_O,270,LEU,O,5.460000038146973
270LEU_CB,270,LEU,CB,6.090000152587891
270LEU_CG,270,LEU,CG,5.690000057220459
270LEU_CD1,270,LEU,CD1,8.739999771118164
270LEU_CD2,270,LEU,CD2,7.369999885559082
271LEU_N,271,LEU,N,5.940000057220459
271LEU_CA,271,LEU,CA,6.699999809265137
271LEU_C,271,LEU,C,5.260000228881836
271LEU_O,271,LEU,O,6.150000095367432
271LEU_CB,271,LEU,CB,6.550000190734863
271LEU_CG,271,LEU,CG,8.760000228881836
271LEU_CD1,271,LEU,CD1,8.920000076293945
271LEU_CD2,271,LEU,CD2,12.1899995803833
272ARG_N,272,ARG,N,5.46999979019165
272ARG_CA,272,ARG,CA,6.019999980926514
272ARG_C,272,ARG,C,5.289999961853027
272ARG_O,272,ARG,O,6.099999904632568
272ARG_CB,272,ARG,CB,7.090000152587891
272ARG_CG,272,ARG,CG,8.460000038146973
272ARG_CD,272,ARG,CD,10.0
272ARG_NE,272,ARG,NE,10.15999984741211
272ARG_CZ,272,ARG,CZ,12.789999961853027
272ARG_NH1,272,ARG,NH1,12.550000190734863
272ARG_NH2,272,ARG,NH2,23.540000915527344
273THR_N,273,THR,N,4.849999904632568
273THR_CA,273,THR,CA,6.159999847412109
273THR_C,273,THR,C,6.389999866485596
273THR_O,273,THR,O,6.010000228881836
273THR_CB,273,THR,CB,6.880000114440918
273THR_CG2,273,THR,CG2,7.46999979019165
273THR_OG1,273,THR,OG1,7.090000152587891
274LEU_N,274,LEU,N,5.449999809265137
274LEU_CA,274,LEU,CA,6.389999866485596
274LEU_C,274,LEU,C,5.599999904632568
274LEU_O,274,LEU,O,6.179999828338623
274LEU_CB,274,LEU,CB,6.059999942779541
274LEU_CG,274,LEU,CG,6.139999866485596
274LEU_CD1,274,LEU,CD1,7.46999979019165
274LEU_CD2,274,LEU,CD2,8.420000076293945
275ILE_N,275,ILE,N,6.039999961853027
275ILE_CA,275,ILE,CA,6.539999961853027
275ILE_C,275,ILE,C,8.520000457763672
275ILE_O,275,ILE,O,9.119999885559082
275ILE_CB,275,ILE,CB,6.369999885559082
275ILE_CG1,275,ILE,CG1,6.730000019073486
275ILE_CG2,275,ILE,CG2,8.970000267028809
275ILE_CD1,275,ILE,CD1,7.460000038146973
276ALA_N,276,ALA,N,6.28000020980835
276ALA_CA,276,ALA,CA,7.679999828338623
276ALA_C,276,ALA,C,6.659999847412109
276ALA_O,276,ALA,O,7.630000114440918
276ALA_CB,276,ALA,CB,7.480000019073486
277ASP_N,277,ASP,N,7.449999809265137
277ASP_CA,277,ASP,CA,7.75
277ASP_C,277,ASP,C,6.510000228881836
277ASP_O,277,ASP,O,8.380000114440918
277ASP_CB,277,ASP,CB,8.579999923706055
277ASP_CG,277,ASP,CG,12.739999771118164
277ASP_OD1,277,ASP,OD1,17.190000534057617
277ASP_OD2,277,ASP,OD2,16.649999618530273
278LYS_N,278,LYS,N,8.279999732971191
278LYS_CA,278,LYS,CA,9.010000228881836
278LYS_C,278,LYS,C,9.869999885559082
278LYS_O,278,LYS,O,13.470000267028809
278LYS_CB,278,LYS,CB,9.739999771118164
278LYS_CG,278,LYS,CG,9.699999809265137
278LYS_CD,278,LYS,CD,12.680000305175781
278LYS_CE,278,LYS,CE,19.389999389648438
278LYS_NZ,278,LYS,NZ,20.030000686645508
279ASP_N,279,ASP,N,10.270000457763672
279ASP_CA,279,ASP,CA,11.550000190734863
279ASP_C,279,ASP,C,10.9399995803833
279ASP_O,279,ASP,O,13.170000076293945
279ASP_CB,279,ASP,CB,16.1200008392334
279ASP_CG,279,ASP,CG,19.1200008392334
279ASP_OD1,279,ASP,OD1,21.389999389648438
279ASP_OD2,279,ASP,OD2,23.799999237060547
280ALA_N,280,ALA,N,8.4399995803833
280ALA_CA,280,ALA,CA,9.279999732971191
280ALA_C,280,ALA,C,8.729999542236328
280ALA_O,280,ALA,O,8.949999809265137
280ALA_CB,280,ALA,CB,9.34000015258789
281TRP_N,281,TRP,N,7.800000190734863
281TRP_CA,281,TRP,CA,8.050000190734863
281TRP_C,281,TRP,C,10.0600004196167
281TRP_O,281,TRP,O,9.260000228881836
281TRP_CB,281,TRP,CB,9.420000076293945
281TRP_CG,281,TRP,CG,8.319999694824219
281TRP_CD1,281,TRP,CD1,7.440000057220459
281TRP_CD2,281,TRP,CD2,9.359999656677246
281TRP_CE2,281,TRP,CE2,10.359999656677246
281TRP_CE3,281,TRP,CE3,10.050000190734863
281TRP_NE1,281,TRP,NE1,9.229999542236328
281TRP_CZ2,281,TRP,CZ2,11.890000343322754
281TRP_CZ3,281,TRP,CZ3,14.180000305175781
281TRP_CH2,281,TRP,CH2,12.470000267028809
282GLU_N,282,GLU,N,7.630000114440918
282GLU_CA,282,GLU,CA,9.420000076293945
282GLU_C,282,GLU,C,8.34000015258789
282GLU_O,282,GLU,O,9.880000114440918
282GLU_CB,282,GLU,CB,10.9399995803833
282GLU_CG,282,GLU,CG,11.260000228881836
282GLU_CD,282,GLU,CD,17.8799991607666
282GLU_OE1,282,GLU,OE1,18.420000076293945
282GLU_OE2,282,GLU,OE2,18.75
283VAL_N,283,VAL,N,9.300000190734863
283VAL_CA,283,VAL,CA,9.479999542236328
283VAL_C,283,VAL,C,9.789999961853027
283VAL_O,283,VAL,O,10.75
283VAL_CB,283,VAL,CB,9.529999732971191
283VAL_CG1,283,VAL,CG1,11.529999732971191
283VAL_CG2,283,VAL,CG2,13.880000114440918
284VAL_N,284,VAL,N,8.699999809265137
284VAL_CA,284,VAL,CA,9.020000457763672
284VAL_C,284,VAL,C,9.670000076293945
284VAL_O,284,VAL,O,9.430000305175781
284VAL_CB,284,VAL,CB,11.600000381469727
284VAL_CG1,284,VAL,CG1,16.280000686645508
284VAL_CG2,284,VAL,CG2,11.619999885559082
285THR_N,285,THR,N,11.0
285THR_CA,285,THR,CA,10.680000305175781
285THR_C,285,THR,C,10.390000343322754
285THR_O,285,THR,O,10.359999656677246
285THR_CB,285,THR,CB,10.5600004196167
285THR_CG2,285,THR,CG2,11.199999809265137
285THR_OG1,285,THR,OG1,11.930000305175781
286PHE_N,286,PHE,N,10.300000190734863
286PHE_CA,286,PHE,CA,10.289999961853027
286PHE_C,286,PHE,C,11.460000038146973
286PHE_O,286,PHE,O,10.279999732971191
286PHE_CB,286,PHE,CB,11.149999618530273
286PHE_CG,286,PHE,CG,12.109999656677246
286PHE_CD1,286,PHE,CD1,12.40999984741211
286PHE_CD2,286,PHE,CD2,12.420000076293945
286PHE_CE1,286,PHE,CE1,14.930000305175781
286PHE_CE2,286,PHE,CE2,16.979999542236328
286PHE_CZ,286,PHE,CZ,14.5600004196167
287GLU_N,287,GLU,N,13.579999923706055
287GLU_CA,287,GLU,CA,12.539999961853027
287GLU_C,287,GLU,C,13.380000114440918
287GLU_O,287,GLU,O,13.029999732971191
287GLU_CB,287,GLU,CB,18.59000015258789
288ASP_N,288,ASP,N,12.130000114440918
288ASP_CA,288,ASP,CA,13.329999923706055
288ASP_C,288,ASP,C,13.6899995803833
288ASP_O,288,ASP,O,14.710000038146973
288ASP_CB,288,ASP,CB,15.670000076293945
288ASP_CG,288,ASP,CG,13.960000038146973
288ASP_OD1,288,ASP,OD1,15.1899995803833
288ASP_OD2,288,ASP,OD2,22.0
289ALA_N,289,ALA,N,11.569999694824219
289ALA_CA,289,ALA,CA,12.029999732971191
289ALA_C,289,ALA,C,15.40999984741211
289ALA_O,289,ALA,O,15.449999809265137
289ALA_CB,289,ALA,CB,13.239999771118164
290ARG_N,290,ARG,N,12.880000114440918
290ARG_CA,290,ARG,CA,13.75
290ARG_C,290,ARG,C,13.859999656677246
290ARG_O,290,ARG,O,15.010000228881836
290ARG_CB,290,ARG,CB,14.40999984741211
290ARG_CG,290,ARG,CG,14.789999961853027
290ARG_CD,290,ARG,CD,15.510000228881836
290ARG_NE,290,ARG,NE,15.119999885559082
290ARG_CZ,290,ARG,CZ,18.459999084472656
290ARG_NH1,290,ARG,NH1,24.31999969482422
290ARG_NH2,290,ARG,NH2,25.290000915527344
291THR_N,291,THR,N,13.220000267028809
291THR_CA,291,THR,CA,13.970000267028809
291THR_C,291,THR,C,15.680000305175781
291THR_O,291,THR,O,17.75
291THR_CB,291,THR,CB,13.100000381469727
291THR_CG2,291,THR,CG2,16.25
291THR_OG1,291,THR,OG1,19.270000457763672
292ALA_N,292,ALA,N,12.8100004196167
292ALA_CA,292,ALA,CA,12.739999771118164
292ALA_C,292,ALA,C,13.619999885559082
292ALA_O,292,ALA,O,14.140000343322754
292ALA_CB,292,ALA,CB,12.199999809265137
293PRO_N,293,PRO,N,13.9399995803833
293PRO_CA,293,PRO,CA,14.979999542236328
293PRO_C,293,PRO,C,15.069999694824219
293PRO_O,293,PRO,O,16.010000228881836
293PRO_CB,293,PRO,CB,16.950000762939453
293PRO_CG,293,PRO,CG,19.59000015258789
293PRO_CD,293,PRO,CD,15.979999542236328
294ILE_N,294,ILE,N,14.869999885559082
294ILE_CA,294,ILE,CA,15.479999542236328
294ILE_C,294,ILE,C,13.65999984741211
294ILE_O,294,ILE,O,18.030000686645508
294ILE_CB,294,ILE,CB,20.040000915527344
294ILE_CG1,294,ILE,CG1,21.170000076293945
294ILE_CG2,294,ILE,CG2,27.399999618530273
294ILE_CD1,294,ILE,CD1,24.93000030517578
295SER_N,295,SER,N,16.149999618530273
295SER_CA,295,SER,CA,19.469999313354492
295SER_C,295,SER,C,16.420000076293945
295SER_O,295,SER,O,22.6200008392334
295SER_CB,295,SER,CB,22.979999542236328
295SER_OG,295,SER,OG,32.5
296TYR_N,296,TYR,N,15.8100004196167
296TYR_CA,296,TYR,CA,17.489999771118164
296TYR_C,296,TYR,C,19.780000686645508
296TYR_O,296,TYR,O,20.989999771118164
296TYR_CB,296,TYR,CB,20.8799991607666
296TYR_CG,296,TYR,CG,23.09000015258789
296TYR_CD1,296,TYR,CD1,22.010000228881836
296TYR_CD2,296,TYR,CD2,29.06999969482422
296TYR_CE1,296,TYR,CE1,27.739999771118164
296TYR_CE2,296,TYR,CE2,25.84000015258789
296TYR_CZ,296,TYR,CZ,29.229999542236328
296TYR_OH,296,TYR,OH,35.95000076293945
297MET_N,297,MET,N,16.899999618530273
297MET_CA,297,MET,CA,17.170000076293945
297MET_C,297,MET,C,13.539999961853027
297MET_O,297,MET,O,17.40999984741211
297MET_CB,297,MET,CB,14.989999771118164
297MET_CG,297,MET,CG,16.889999389648438
297MET_SD,297,MET,SD,22.040000915527344
297MET_CE,297,MET,CE,14.380000114440918
298ARG_N,298,ARG,N,13.800000190734863
298ARG_CA,298,ARG,CA,14.529999732971191
298ARG_C,298,ARG,C,16.06999969482422
298ARG_O,298,ARG,O,13.420000076293945
298ARG_CB,298,ARG,CB,14.760000228881836
298ARG_CG,298,ARG,CG,17.760000228881836
298ARG_CD,298,ARG,CD,20.100000381469727
298ARG_NE,298,ARG,NE,15.460000038146973
298ARG_CZ,298,ARG,CZ,15.539999961853027
298ARG_NH1,298,ARG,NH1,17.959999084472656
298ARG_NH2,298,ARG,NH2,16.700000762939453
299PRO_N,299,PRO,N,15.90999984741211
299PRO_CA,299,PRO,CA,16.690000534057617
299PRO_C,299,PRO,C,29.459999084472656
299PRO_O,299,PRO,O,34.709999084472656
299PRO_CB,299,PRO,CB,13.890000343322754
299PRO_CG,299,PRO,CG,22.280000686645508
299PRO_CD,299,PRO,CD,14.5
300ALA_CA,300,ALA,CA,0.0
301ALA_CA,301,ALA,CA,0.0
302ALA_CA,302,ALA,CA,0.0
303VAL_CA,303,VAL,CA,0.0
